name,mlb_id,recent_games,recent_fpts,recent_fpg,group
Junior Caminero,691406,26,127.0,4.88,hitting
Jake Bennett,687562,5,124.0,24.8,pitching
Foster Griffin,656492,5,119.0,23.8,pitching
Sonny Gray,543243,5,119.0,23.8,pitching
Jake McCarthy,664983,25,116.0,4.64,hitting
Jesús Luzardo,666200,5,115.0,23.0,pitching
Zack Wheeler,554430,5,115.0,23.0,pitching
Sean Burke,680732,5,112.0,22.4,pitching
Esmerlyn Valdez,699013,22,111.5,5.07,hitting
James Wood,695578,24,110.0,4.58,hitting
Dansby Swanson,621020,24,106.0,4.42,hitting
Luis García Jr.,671277,22,103.5,4.7,hitting
Pete Crow-Armstrong,691718,24,102.0,4.25,hitting
Fernando Tatis Jr.,665487,25,100.0,4.0,hitting
Eury Pérez,691587,5,99.0,19.8,pitching
Tarik Skubal,669373,5,98.0,19.6,pitching
Yordan Alvarez,670541,23,97.5,4.24,hitting
Dylan Cease,656302,5,97.0,19.4,pitching
Manny Machado,592518,24,92.5,3.85,hitting
Trea Turner,607208,24,92.0,3.83,hitting
Nolan McLean,690997,5,91.0,18.2,pitching
Miguel Vargas,678246,24,90.5,3.77,hitting
Otto Lopez,672640,21,87.5,4.17,hitting
Curtis Mead,678554,23,87.0,3.78,hitting
Seiya Suzuki,673548,23,87.0,3.78,hitting
Troy Melton,675512,4,87.0,21.75,pitching
Cade Cavalli,676917,5,87.0,17.4,pitching
Taj Bradley,671737,5,87.0,17.4,pitching
Justin Wrobleski,680736,4,86.0,21.5,pitching
Willson Contreras,575929,19,85.5,4.5,hitting
Ryan O'Hearn,656811,23,85.5,3.72,hitting
Hunter Goodman,696100,22,85.0,3.86,hitting
Caleb Durbin,702332,24,85.0,3.54,hitting
Wilyer Abreu,677800,24,85.0,3.54,hitting
Kyle Leahy,681517,5,84.0,16.8,pitching
Robbie Ray,592662,5,83.0,16.6,pitching
Ty France,664034,21,82.5,3.93,hitting
Jordan Walker,691023,24,82.5,3.44,hitting
Ketel Marte,606466,24,82.0,3.42,hitting
Kyle Karros,691720,23,81.5,3.54,hitting
Riley Greene,682985,23,81.0,3.52,hitting
Rafael Devers,646240,24,81.0,3.38,hitting
George Kirby,669923,4,81.0,20.25,pitching
Sandy Alcantara,645261,5,81.0,16.2,pitching
Garrett Whitlock,676477,14,80.0,5.71,pitching
Jacob Misiorowski,694819,4,80.0,20.0,pitching
Elly De La Cruz,682829,23,79.0,3.43,hitting
Michael Harris II,671739,24,78.0,3.25,hitting
Yoshinobu Yamamoto,808967,4,77.0,19.25,pitching
CJ Abrams,682928,22,76.0,3.45,hitting
Chase DeLauter,800050,19,75.0,3.95,hitting
Juan Soto,665742,23,75.0,3.26,hitting
Trevor Rogers,669432,4,75.0,18.75,pitching
Garrett Mitchell,669003,26,74.5,2.87,hitting
Cole Carrigg,694249,23,74.5,3.24,hitting
Alex Bregman,608324,23,74.5,3.24,hitting
Peter Lambert,663567,5,74.0,14.8,pitching
Kevin McGonigle,805808,24,73.0,3.04,hitting
Kyle Bradish,680694,4,73.0,18.25,pitching
Michael McGreevy,700241,4,73.0,18.25,pitching
Parker Messick,800048,5,72.0,14.4,pitching
Brady Singer,663903,5,72.0,14.4,pitching
Isaac Paredes,670623,24,71.5,2.98,hitting
Bryan Reynolds,668804,23,71.5,3.11,hitting
Brice Turang,668930,24,71.5,2.98,hitting
Geraldo Perdomo,672695,23,71.5,3.11,hitting
A.J. Ewing,805999,25,71.0,2.84,hitting
Mauricio Dubón,643289,24,71.0,2.96,hitting
Trevor Megill,656730,11,71.0,6.45,pitching
Sam Antonacci,803011,22,70.5,3.2,hitting
Drake Baldwin,686948,24,70.0,2.92,hitting
Shohei Ohtani,660271,23,69.5,3.02,hitting
Jonathan Aranda,666018,26,69.0,2.65,hitting
Ceddanne Rafaela,678882,24,69.0,2.88,hitting
Mookie Betts,605141,22,69.0,3.14,hitting
Cole Young,702284,23,69.0,3.0,hitting
Brent Headrick,687396,12,69.0,5.75,pitching
Keider Montero,672456,6,69.0,11.5,pitching
Casey Mize,663554,5,69.0,13.8,pitching
Nick Gonzales,693304,23,68.5,2.98,hitting
Sal Stewart,701398,24,68.5,2.85,hitting
Jackson Chourio,694192,26,68.5,2.63,hitting
Chandler Simpson,802415,22,68.0,3.09,hitting
TJ Rumfield,681198,25,68.0,2.72,hitting
Tommy Edman,669242,23,68.0,2.96,hitting
Yandy Díaz,650490,25,68.0,2.72,hitting
Randy Arozarena,668227,23,68.0,2.96,hitting
Jake Bauers,641343,26,68.0,2.62,hitting
Andrew Morris,702193,11,68.0,6.18,pitching
Michael King,650633,5,68.0,13.6,pitching
Shane Drohan,675660,5,68.0,13.6,pitching
Ben Rice,700250,24,67.5,2.81,hitting
Kody Clemens,665019,22,67.5,3.07,hitting
Michael Busch,683737,24,67.0,2.79,hitting
Zac Thornton,804267,3,67.0,22.33,pitching
Logan Gilbert,669302,4,67.0,16.75,pitching
Joc Pederson,592626,19,66.0,3.47,hitting
Brayan Rocchio,677587,24,66.0,2.75,hitting
Heriberto Hernández,681715,23,66.0,2.87,hitting
Matthew Boyd,571510,5,66.0,13.2,pitching
Nolan Arenado,571448,23,65.5,2.85,hitting
Carson Benge,701807,24,65.0,2.71,hitting
Ezequiel Duran,677649,24,65.0,2.71,hitting
David Bednar,670280,8,65.0,8.12,pitching
Chris Sale,519242,4,65.0,16.25,pitching
Jared Jones,683003,4,65.0,16.25,pitching
Freddie Freeman,518692,24,64.5,2.69,hitting
Andy Pages,681624,24,64.5,2.69,hitting
Lane Thomas,657041,24,64.5,2.69,hitting
Matt Olson,621566,24,64.5,2.69,hitting
Javier Sanoja,691594,23,64.0,2.78,hitting
Tristan Peters,671976,23,64.0,2.78,hitting
Bryce Harper,547180,25,64.0,2.56,hitting
Kazuma Okamoto,672960,23,64.0,2.78,hitting
Josh Hader,623352,12,64.0,5.33,pitching
Brandon Nimmo,607043,20,63.5,3.17,hitting
Steven Kwan,680757,24,63.0,2.62,hitting
Jackson Merrill,701538,25,63.0,2.52,hitting
Brandon Marsh,669016,25,63.0,2.52,hitting
Mason Miller,695243,10,63.0,6.3,pitching
Paul Blackburn,621112,12,63.0,5.25,pitching
Ryan Johnson,696270,5,63.0,12.6,pitching
Max Muncy,571970,22,62.5,2.84,hitting
Gabriel Moreno,672515,23,62.0,2.7,hitting
Xavier Edwards,669364,24,62.0,2.58,hitting
Pete Alonso,624413,22,62.0,2.82,hitting
Steven Okert,595345,13,62.0,4.77,pitching
Ian Seymour,693855,5,62.0,12.4,pitching
Josh Bell,605137,23,61.5,2.67,hitting
Wyatt Langford,694671,14,61.0,4.36,hitting
Alec Burleson,676475,25,61.0,2.44,hitting
Jacob Latz,656641,8,61.0,7.62,pitching
Tyler Wells,669330,12,61.0,5.08,pitching
Jack Flaherty,656427,4,61.0,15.25,pitching
Joey Cantillo,676282,5,61.0,12.2,pitching
Shota Imanaga,684007,5,61.0,12.2,pitching
Payton Tolle,801139,5,61.0,12.2,pitching
Bryson Stott,681082,25,60.5,2.42,hitting
Dillon Dingler,693307,22,60.0,2.73,hitting
Braden Montgomery,695731,23,60.0,2.61,hitting
Abner Uribe,682842,12,60.0,5.0,pitching
Jacob Webb,657097,11,60.0,5.45,pitching
Luis Arraez,650333,21,59.5,2.83,hitting
Spencer Torkelson,679529,24,59.5,2.48,hitting
Nico Hoerner,663538,24,59.0,2.46,hitting
Hunter Gaddis,683769,13,59.0,4.54,pitching
Carmen Mlodzinski,669387,6,59.0,9.83,pitching
Tanner Scott,656945,10,59.0,5.9,pitching
Shane McClanahan,663556,4,59.0,14.75,pitching
Eduardo Rodriguez,593958,5,59.0,11.8,pitching
Michael Wacha,608379,5,59.0,11.8,pitching
Cam Schlittler,693645,5,59.0,11.8,pitching
Jake Mangum,663968,22,58.5,2.66,hitting
Francisco Lindor,596019,21,58.5,2.79,hitting
Cedric Mullins,656775,22,58.5,2.66,hitting
Jhoan Duran,661395,9,58.0,6.44,pitching
Heliot Ramos,671218,19,57.5,3.03,hitting
Mickey Moniak,666160,23,57.5,2.5,hitting
Kyle Stowers,669065,23,57.5,2.5,hitting
Ozzie Albies,645277,24,57.5,2.4,hitting
Willy Adames,642715,21,57.0,2.71,hitting
Tanner Bibee,676440,5,57.0,11.4,pitching
Anthony Seigler,678011,22,56.5,2.57,hitting
Brooks Lee,686797,22,56.0,2.55,hitting
Josh Naylor,647304,23,56.0,2.43,hitting
Taylor Ward,621493,22,56.0,2.55,hitting
Dylan Crews,686611,23,56.0,2.43,hitting
Andrés Muñoz,662253,9,56.0,6.22,pitching
Brandon Pfaadt,694297,4,56.0,14.0,pitching
Brandon Sproat,687075,5,56.0,11.2,pitching
Gavin Williams,668909,5,56.0,11.2,pitching
Royce Lewis,668904,22,55.5,2.52,hitting
Victor Mesa Jr.,683748,20,55.0,2.75,hitting
Brandon Lowe,664040,21,55.0,2.62,hitting
Austin Riley,663586,24,55.0,2.29,hitting
Brandon Woodruff,605540,3,55.0,18.33,pitching
Kumar Rocker,677958,5,55.0,11.0,pitching
Griffin Conine,665052,23,54.5,2.37,hitting
Jose Altuve,514888,23,54.0,2.35,hitting
Max Meyer,676974,4,54.0,13.5,pitching
Nolan Schanuel,694384,21,53.5,2.55,hitting
Trevor Larnach,663616,20,53.5,2.67,hitting
Isaac Collins,686555,22,53.5,2.43,hitting
Sung-Mun Song,823550,19,53.5,2.82,hitting
Joey Ortiz,687401,24,53.0,2.21,hitting
Kahlil Watson,696135,23,53.0,2.3,hitting
José Fermin,820862,10,53.0,5.3,pitching
Carter Jensen,695600,23,53.0,2.3,hitting
Travis Bazzana,683953,23,53.0,2.3,hitting
Ryan Zeferjahn,666171,11,53.0,4.82,pitching
Christian Scott,681035,4,53.0,13.25,pitching
Bo Bichette,666182,24,52.5,2.19,hitting
Eugenio Suárez,553993,23,52.5,2.28,hitting
Nasim Nuñez,683083,22,52.0,2.36,hitting
Jo Adell,666176,22,52.0,2.36,hitting
Cade Smith,671922,12,52.0,4.33,pitching
Aroldis Chapman,547973,11,52.0,4.73,pitching
Grant Holmes,656550,5,52.0,10.4,pitching
Trey Yesavage,702056,5,52.0,10.4,pitching
Ernie Clement,676391,23,51.5,2.24,hitting
Zach Neto,687263,23,51.5,2.24,hitting
Jazz Chisholm Jr.,665862,22,51.5,2.34,hitting
JJ Wetherholt,802139,24,51.5,2.15,hitting
Francisco Alvarez,682626,20,51.0,2.55,hitting
Bryce Eldridge,805811,23,51.0,2.22,hitting
Gunnar Henderson,683002,22,51.0,2.32,hitting
Bryan Baker,641329,7,51.0,7.29,pitching
Michael Petersen,656848,11,51.0,4.64,pitching
Nick Lodolo,666157,4,51.0,12.75,pitching
Nick Martinez,607259,4,51.0,12.75,pitching
Nathan Eovaldi,543135,4,51.0,12.75,pitching
Daylen Lile,695734,23,50.5,2.2,hitting
Xander Bogaerts,593428,24,50.5,2.1,hitting
Jake Burger,669394,22,50.5,2.3,hitting
J.T. Realmuto,592663,20,50.0,2.5,hitting
Tyron Guerrero,594027,9,50.0,5.56,pitching
Cam Booser,592155,11,50.0,4.55,pitching
Riley O'Brien,676617,9,50.0,5.56,pitching
Mason Montgomery,682254,11,50.0,4.55,pitching
J.T. Ginn,669372,5,50.0,10.0,pitching
Andrew Benintendi,643217,19,49.5,2.61,hitting
Jacob Gonzalez,694378,18,49.0,2.72,hitting
Jeremy Peña,665161,14,49.0,3.5,hitting
Cooper Pratt,806198,23,49.0,2.13,hitting
Luke Weaver,596133,9,49.0,5.44,pitching
Landen Roupp,694738,4,49.0,12.25,pitching
Bryce Miller,682243,4,49.0,12.25,pitching
Jacob deGrom,594798,4,49.0,12.25,pitching
Griffin Jax,643377,5,49.0,9.8,pitching
Derek Hill,656537,19,48.5,2.55,hitting
Liam Hicks,689414,17,48.5,2.85,hitting
Chase Meidroth,805367,23,48.5,2.11,hitting
Spencer Steer,668715,21,48.5,2.31,hitting
Brett Baty,683146,23,48.0,2.09,hitting
JJ Bleday,668709,24,48.0,2.0,hitting
Brandyn Garcia,805299,11,48.0,4.36,pitching
Cole Sulser,642121,13,48.0,3.69,pitching
Masataka Yoshida,807799,14,47.5,3.39,hitting
Luke Keaschall,807712,22,47.5,2.16,hitting
Andruw Monasterio,655316,17,47.5,2.79,hitting
Jac Caglianone,695506,23,47.5,2.07,hitting
José Caballero,676609,22,47.5,2.16,hitting
Tyler Tolbert,686475,15,47.0,3.13,hitting
Nick Fortes,663743,18,47.0,2.61,hitting
Nick Loftin,679845,22,47.0,2.14,hitting
Colson Montgomery,695657,22,47.0,2.14,hitting
Casey Schmitt,669477,24,47.0,1.96,hitting
Andrew Kittredge,552640,10,47.0,4.7,pitching
Juan Mejia,675848,10,47.0,4.7,pitching
Dylan Dodd,689266,12,47.0,3.92,pitching
Emerson Hancock,676106,3,47.0,15.67,pitching
Tyler Alexander,641302,13,47.0,3.62,pitching
Michael Conforto,624424,18,46.5,2.58,hitting
Jared Young,676724,23,46.5,2.02,hitting
Joe Mack,691788,22,46.5,2.11,hitting
Kyle Schwarber,656941,24,46.5,1.94,hitting
Samuel Basallo,694212,20,46.5,2.33,hitting
Jared Triolo,669707,21,46.0,2.19,hitting
Bobby Witt Jr.,677951,18,46.0,2.56,hitting
Brandon Young,687064,4,46.0,11.5,pitching
Yainer Diaz,673237,18,45.5,2.53,hitting
Jung Hoo Lee,808982,24,45.5,1.9,hitting
Willi Castro,650489,21,45.5,2.17,hitting
Jasson Domínguez,691176,24,45.5,1.9,hitting
Christian Yelich,592885,22,45.5,2.07,hitting
Cam Smith,701358,23,45.5,1.98,hitting
Carson Kelly,608348,18,45.0,2.5,hitting
Zach McKinstry,656716,24,45.0,1.88,hitting
Orion Kerkering,689147,10,45.0,4.5,pitching
Edgardo Henriquez,683618,10,45.0,4.5,pitching
Jordan Hicks,663855,9,45.0,5.0,pitching
Kevin Kelly,687330,9,45.0,5.0,pitching
Louis Varland,686973,8,45.0,5.62,pitching
Shea Langeliers,669127,21,44.5,2.12,hitting
Alec Bohm,664761,24,44.5,1.85,hitting
Masyn Winn,691026,24,44.0,1.83,hitting
Cal Raleigh,663728,23,44.0,1.91,hitting
Erik Miller,669062,8,44.0,5.5,pitching
Luinder Avila,679883,5,44.0,8.8,pitching
Chase Burns,695505,4,44.0,11.0,pitching
Paul Skenes,694973,5,44.0,8.8,pitching
Alejandro Osuna,696030,21,43.5,2.07,hitting
Salvador Perez,521692,22,43.5,1.98,hitting
Michael Massey,686681,22,43.0,1.95,hitting
Josh Jung,673962,20,43.0,2.15,hitting
Josh Lowe,666139,18,43.0,2.39,hitting
William Contreras,661388,23,43.0,1.87,hitting
Jonathan Loáisiga,642528,11,43.0,3.91,pitching
Merrill Kelly,518876,5,43.0,8.6,pitching
Luis Castillo,622491,4,43.0,10.75,pitching
Vladimir Guerrero Jr.,665489,23,42.5,1.85,hitting
Nathan Lukes,664770,23,42.0,1.83,hitting
Henry Davis,680779,16,42.0,2.62,hitting
Fernando Cruz,518585,11,42.0,3.82,pitching
Brennan Bernardino,657514,12,42.0,3.5,pitching
Yoendrys Gómez,672782,9,42.0,4.67,pitching
Grant Taylor,691799,9,42.0,4.67,pitching
Steven Cruz,674444,12,42.0,3.5,pitching
José Suarez,660761,10,42.0,4.2,pitching
Joe Ryan,657746,5,42.0,8.4,pitching
Joshua Kuroda-Grauer,811965,16,41.5,2.59,hitting
Richie Palacios,680700,19,41.5,2.18,hitting
Colt Keith,690993,22,41.0,1.86,hitting
Ian Happ,664023,24,41.0,1.71,hitting
Trent Thornton,663423,12,41.0,3.42,pitching
Samy Natera Jr.,696519,10,41.0,4.1,pitching
Erick Fedde,607200,5,41.0,8.2,pitching
Shane Baz,669358,5,41.0,8.2,pitching
Jacob Wilson,805779,13,40.5,3.12,hitting
Lars Nootbaar,663457,23,40.5,1.76,hitting
Andrew Abbott,671096,5,40.0,8.0,pitching
Nicky Lopez,670032,24,39.5,1.65,hitting
Kyle Tucker,663656,21,39.5,1.88,hitting
Andrés Chaparro,665953,15,39.5,2.63,hitting
Trent Grisham,663757,14,39.5,2.82,hitting
Gavin Sheets,657757,25,39.5,1.58,hitting
Vaughn Grissom,687093,17,39.0,2.29,hitting
Keibert Ruiz,660688,16,39.0,2.44,hitting
Taylor Walls,670764,23,39.0,1.7,hitting
Daulton Varsho,662139,23,39.0,1.7,hitting
Ezequiel Tovar,678662,24,39.0,1.62,hitting
Sean Newcomb,656794,8,39.0,4.88,pitching
Tyler Mahle,641816,5,39.0,7.8,pitching
Owen Caissie,683357,14,38.5,2.75,hitting
Justin Crawford,702222,22,38.5,1.75,hitting
Jonah Heim,641680,20,38.5,1.93,hitting
Tyler Stephenson,663886,16,38.0,2.38,hitting
Garrett Cleavinger,664076,11,38.0,3.45,pitching
Brooks Raley,548384,10,38.0,3.8,pitching
Adrian Morejon,670970,11,38.0,3.45,pitching
Dylan Lee,669276,11,38.0,3.45,pitching
George Soriano,666277,11,38.0,3.45,pitching
Tatsuya Imai,837227,4,38.0,9.5,pitching
Gerrit Cole,543037,5,38.0,7.6,pitching
José Tena,677588,18,37.5,2.08,hitting
Blaze Alexander,677942,16,37.5,2.34,hitting
Tyler Soderstrom,691016,14,37.5,2.68,hitting
Dalton Rushing,687221,21,37.5,1.79,hitting
Victor Vodnik,680767,9,37.0,4.11,pitching
Jonathan Bowlan,680742,13,37.0,2.85,pitching
Anthony Kay,641743,5,37.0,7.4,pitching
Hunter Greene,668881,3,37.0,12.33,pitching
Tyrone Taylor,621438,15,36.5,2.43,hitting
Tyler O'Neill,641933,15,36.5,2.43,hitting
Gabriel Arias,672356,21,36.5,1.74,hitting
Leo Jiménez,677870,17,36.5,2.15,hitting
Jonny DeLuca,676356,17,36.5,2.15,hitting
Jacob Young,696285,16,36.0,2.25,hitting
Victor Caratini,605170,18,36.0,2.0,hitting
Corbin Carroll,682998,23,36.0,1.57,hitting
Kevin Ginkel,656464,13,36.0,2.77,pitching
Victor Bericoto,682674,11,35.5,3.23,hitting
George Springer,543807,15,35.5,2.37,hitting
Max Kepler,596146,16,35.5,2.22,hitting
Kyle Teel,691019,19,35.5,1.87,hitting
Justin Foscue,679822,18,35.0,1.94,hitting
Jake Cronenworth,630105,18,35.0,1.94,hitting
Coby Mayo,691723,17,35.0,2.06,hitting
Mike Yastrzemski,573262,17,35.0,2.06,hitting
Jorge Soler,624585,21,35.0,1.67,hitting
Raisel Iglesias,628452,10,35.0,3.5,pitching
JoJo Romero,668941,10,35.0,3.5,pitching
Juan Morillo,666661,11,35.0,3.18,pitching
Didier Fuentes,800311,12,35.0,2.92,pitching
Jack Dreyer,676263,10,35.0,3.5,pitching
Eric Lauer,641778,3,35.0,11.67,pitching
Ranger Suarez,624133,3,35.0,11.67,pitching
JP Sears,676664,5,35.0,7.0,pitching
Tim Tawa,694374,13,34.5,2.65,hitting
Lawrence Butler,671732,23,34.5,1.5,hitting
Edouard Julien,666397,15,34.5,2.3,hitting
Jose Trevino,624431,10,34.0,3.4,hitting
Rhys Hoskins,656555,18,34.0,1.89,hitting
Hogan Harris,663687,9,34.0,3.78,pitching
Adrian Houser,605288,5,34.0,6.8,pitching
Eduard Bazardo,660825,10,34.0,3.4,pitching
Alex Vesia,681911,11,34.0,3.09,pitching
Justin Slaten,686580,10,34.0,3.4,pitching
Aaron Ashby,676879,13,34.0,2.62,pitching
Connelly Early,813349,2,34.0,17.0,pitching
Gabriel Hughes,687312,3,34.0,11.33,pitching
Hao-Yu Lee,701678,20,33.5,1.68,hitting
Christian Walker,572233,22,33.5,1.52,hitting
Jorbit Vivas,678391,17,33.0,1.94,hitting
Noelvi Marte,682622,21,33.0,1.57,hitting
Jakob Marsee,805300,22,33.0,1.5,hitting
Jarren Duran,680776,22,33.0,1.5,hitting
Angel Chivilli,683409,6,33.0,5.5,pitching
Jovani Morán,663558,6,33.0,5.5,pitching
Jeff Hoffman,656546,9,33.0,3.67,pitching
Bradgley Rodriguez,699134,9,33.0,3.67,pitching
Colin Holderman,670059,13,33.0,2.54,pitching
AJ Blubaugh,805123,8,33.0,4.12,pitching
Chad Patrick,694477,11,33.0,3.0,pitching
Clayton Beeter,690925,10,33.0,3.3,pitching
Matthew Liberatore,669461,5,33.0,6.6,pitching
Konnor Griffin,804606,8,32.5,4.06,hitting
Andrew Vaughn,683734,22,32.5,1.48,hitting
J.P. Crawford,641487,21,32.5,1.55,hitting
Dominic Canzone,686527,17,32.5,1.91,hitting
Jim Jarvis,805347,13,32.0,2.46,hitting
Ben Williamson,810938,15,32.0,2.13,hitting
Sal Frelick,686217,20,32.0,1.6,hitting
Kerry Carpenter,681481,23,32.0,1.39,hitting
Jordan Romano,605447,6,32.0,5.33,pitching
Enyel De Los Santos,660853,13,32.0,2.46,pitching
Emmet Sheehan,686218,4,32.0,8.0,pitching
Braxton Ashcraft,677952,5,32.0,6.4,pitching
Julio Rodríguez,677594,13,31.5,2.42,hitting
Miguel Andujar,609280,19,31.5,1.66,hitting
Endy Rodríguez,682848,9,31.5,3.5,hitting
Esteury Ruiz,665923,19,31.5,1.66,hitting
Victor Robles,645302,21,31.0,1.48,hitting
Ildemaro Vargas,545121,20,31.0,1.55,hitting
Alejandro Kirk,672386,19,31.0,1.63,hitting
Nathan Church,701675,25,31.0,1.24,hitting
Jacob Waguespack,621097,8,31.0,3.88,pitching
Yohan Ramírez,670990,8,31.0,3.88,pitching
Albert Suárez,544150,4,31.0,7.75,pitching
Daniel Lynch IV,663738,9,31.0,3.44,pitching
Luis Medina,665622,9,31.0,3.44,pitching
Tejay Antone,622088,12,31.0,2.58,pitching
José A. Ferrer,678606,11,31.0,2.82,pitching
Julian Garcia,670062,9,31.0,3.44,pitching
Chris Murphy,669684,10,31.0,3.1,pitching
Colin Rea,607067,4,31.0,7.75,pitching
Walbert Ureña,700712,4,31.0,7.75,pitching
José Soriano,667755,5,31.0,6.2,pitching
Jeff McNeil,643446,18,30.5,1.69,hitting
Austin Hedges,595978,13,30.0,2.31,hitting
Tyler Holton,663947,9,30.0,3.33,pitching
PJ Poulin,676571,6,30.0,5.0,pitching
JR Ritchie,702275,6,30.0,5.0,pitching
Aaron Nola,605400,5,30.0,6.0,pitching
Pedro Ramírez,699393,13,29.5,2.27,hitting
Adley Rutschman,668939,13,29.5,2.27,hitting
Matt Vierling,663837,21,29.5,1.4,hitting
Lourdes Gurriel Jr.,666971,18,29.5,1.64,hitting
Miguel Rojas,500743,16,29.0,1.81,hitting
Evan Carter,694497,17,29.0,1.71,hitting
Elias Díaz,553869,20,29.0,1.45,hitting
Blaze Jordan,691458,18,29.0,1.61,hitting
Tyler Rogers,643511,9,29.0,3.22,pitching
Brock Burke,656271,13,29.0,2.23,pitching
Cade Gibson,806188,9,29.0,3.22,pitching
Wade Meckler,685133,19,28.5,1.5,hitting
Troy Johnston,687859,22,28.5,1.3,hitting
Tommy Troy,694371,15,28.5,1.9,hitting
Iván Herrera,671056,25,28.5,1.14,hitting
Henry Bolte,703607,22,28.5,1.3,hitting
Luis Torrens,620443,14,28.0,2.0,hitting
Max Schuemann,680474,13,28.0,2.15,hitting
Drew Gilbert,687551,21,28.0,1.33,hitting
Leody Taveras,665750,19,28.0,1.47,hitting
Sam Hentges,656529,10,28.0,2.8,pitching
Tyler Schweitzer,805326,4,28.0,7.0,pitching
JT Brubaker,664141,5,28.0,5.6,pitching
Tyler Ferguson,621053,10,28.0,2.8,pitching
Will Klein,694361,7,28.0,4.0,pitching
Bryan Woo,693433,4,28.0,7.0,pitching
Petey Halpin,690984,12,27.5,2.29,hitting
Patrick Bailey,672275,16,27.5,1.72,hitting
Jackson Holliday,702616,20,27.5,1.38,hitting
Connor Wong,657136,15,27.0,1.8,hitting
Trevor Richards,670950,10,27.0,2.7,pitching
Justin Bruihl,677865,10,27.0,2.7,pitching
Craig Kimbrel,518886,12,27.0,2.25,pitching
Caleb Thielbar,573204,11,27.0,2.45,pitching
Peyton Gray,682608,9,27.0,3.0,pitching
Bailey Ober,641927,2,27.0,13.5,pitching
Spencer Miles,693686,6,27.0,4.5,pitching
Sean Manaea,640455,5,27.0,5.4,pitching
Cristopher Sánchez,650911,5,27.0,5.4,pitching
Randal Grichuk,545341,16,26.5,1.66,hitting
Austin Martin,668885,19,26.0,1.37,hitting
Brock Stewart,592779,9,26.0,2.89,pitching
Tyler Phillips,663969,6,26.0,4.33,pitching
Reynaldo López,625643,5,26.0,5.2,pitching
Reid Detmers,672282,4,26.0,6.5,pitching
Drew Rasmussen,656876,5,26.0,5.2,pitching
Kyle Higashioka,543309,14,25.5,1.82,hitting
Dominic Smith,642086,20,25.5,1.27,hitting
Victor Mederos,682989,4,25.0,6.25,pitching
Gary Sánchez,596142,11,25.0,2.27,hitting
Joey Bart,663698,14,25.0,1.79,hitting
Tom Cosgrove,676680,4,25.0,6.25,pitching
Franco Aleman,680916,7,25.0,3.57,pitching
Ryan Thompson,657044,10,25.0,2.5,pitching
Craig Yoho,684974,8,25.0,3.12,pitching
Dean Kremer,665152,3,25.0,8.33,pitching
Andrés Giménez,665926,22,24.5,1.11,hitting
Amed Rosario,642708,16,24.5,1.53,hitting
James Outman,681546,22,24.5,1.11,hitting
Byron Buxton,621439,10,24.0,2.4,hitting
Alika Williams,675961,17,24.0,1.41,hitting
Miguel Amaya,665804,11,24.0,2.18,hitting
Paul Goldschmidt,502671,20,24.0,1.2,hitting
Beck Way,694360,12,24.0,2.0,pitching
Grant Anderson,681982,11,24.0,2.18,pitching
Carlos Rodón,607074,2,24.0,12.0,pitching
Zack Littell,641793,5,24.0,4.8,pitching
Gabriel Rincones Jr.,687282,18,23.5,1.31,hitting
Nathaniel Lowe,663993,14,23.5,1.68,hitting
Romy Gonzalez,663853,14,23.5,1.68,hitting
Eli White,642201,13,23.0,1.77,hitting
Tyler Callihan,682997,15,23.0,1.53,hitting
Cody Bellinger,641355,23,23.0,1.0,hitting
Gavin Hollowell,668970,7,23.0,3.29,pitching
Gabe Speier,642100,9,23.0,2.56,pitching
Taylor Clarke,664199,12,23.0,1.92,pitching
Greg Weissert,669711,9,23.0,2.56,pitching
Kirby Yates,489446,8,23.0,2.88,pitching
Cole Winn,668390,10,23.0,2.3,pitching
Logan Henderson,701656,2,23.0,11.5,pitching
Connor Prielipp,687570,2,23.0,11.5,pitching
Andre Pallante,669467,5,23.0,4.6,pitching
Robert Gasser,688107,4,23.0,5.75,pitching
Logan Webb,657277,4,23.0,5.75,pitching
Luis Campusano,669134,12,22.5,1.88,hitting
Samad Taylor,669392,13,22.5,1.73,hitting
Ryan Jeffers,680777,6,22.5,3.75,hitting
Jake Rogers,668670,10,22.5,2.25,hitting
Kyle Manzardo,700932,24,22.5,0.94,hitting
Luis Urías,649966,15,22.0,1.47,hitting
Travis Adams,701519,6,22.0,3.67,pitching
Grant Wolfram,664991,10,22.0,2.2,pitching
David Sandlin,689818,1,22.0,22.0,pitching
Ryan Gusto,687473,5,22.0,4.4,pitching
Ryan Yarbrough,642232,9,22.0,2.44,pitching
MacKenzie Gore,669022,5,22.0,4.4,pitching
Marcell Ozuna,542303,10,21.5,2.15,hitting
Taylor Trammell,666211,18,21.5,1.19,hitting
Jonatan Clase,682729,9,21.0,2.33,hitting
Edwin Arroyo,695490,20,21.0,1.05,hitting
Mike Trout,545361,9,21.0,2.33,hitting
Ryan Vilade,668723,10,21.0,2.1,hitting
Austin Wells,669224,21,21.0,1.0,hitting
Brandon Eisert,685126,11,21.0,1.91,pitching
Ryan Watson,670245,6,21.0,3.5,pitching
A.J. Minter,621345,10,21.0,2.1,pitching
Ryne Stanek,592773,10,21.0,2.1,pitching
Tommy Nance,667297,9,21.0,2.33,pitching
Kyle Finnegan,640448,8,21.0,2.62,pitching
Chase Silseth,681217,10,21.0,2.1,pitching
Sam Bachman,696147,9,21.0,2.33,pitching
Bryan King,687911,12,21.0,1.75,pitching
Carlos Cortes,666126,15,20.5,1.37,hitting
LaMonte Wade Jr.,664774,11,20.5,1.86,hitting
Wandy Peralta,593974,11,20.0,1.82,pitching
Devin Williams,642207,10,20.0,2.0,pitching
John King,667463,5,20.0,4.0,pitching
Yuki Matsui,673513,10,20.0,2.0,pitching
Bryan Hudson,663542,7,20.0,2.86,pitching
Ryan Rolison,669020,11,20.0,1.82,pitching
Trevor McDonald,686790,5,20.0,4.0,pitching
Ryan McMahon,641857,12,19.5,1.62,hitting
Daniel Schneemann,682177,19,19.5,1.03,hitting
Myles Straw,664702,22,19.5,0.89,hitting
Luisangel Acuña,682668,17,19.0,1.12,hitting
Cam Cauley,695508,14,19.0,1.36,hitting
TJ Friedl,670770,15,19.0,1.27,hitting
Kenley Jansen,445276,8,19.0,2.38,pitching
Mitch Farris,815083,7,19.0,2.71,pitching
Gordon Graceffo,700669,10,19.0,1.9,pitching
Tim Herrin,682120,9,19.0,2.11,pitching
Emilio Pagán,641941,5,19.0,3.8,pitching
Randy Dobnak,677976,3,19.0,6.33,pitching
Cal Quantrill,615698,5,19.0,3.8,pitching
Ryan Weathers,677960,5,19.0,3.8,pitching
David Peterson,656849,4,19.0,4.75,pitching
Framber Valdez,664285,5,19.0,3.8,pitching
Denzer Guzman,694203,20,18.5,0.93,hitting
Tyler Freeman,671289,20,18.5,0.93,hitting
Colby Thomas,687515,16,18.5,1.16,hitting
Brice Matthews,694728,16,18.5,1.16,hitting
Nelson Velázquez,676369,13,18.5,1.42,hitting
Weston Wilson,642215,11,18.0,1.64,hitting
Hunter Feduccia,676439,13,18.0,1.38,hitting
Ryan Kreidler,668952,21,18.0,0.86,hitting
Rico Garcia,670329,12,18.0,1.5,pitching
Jimmy Herget,623474,10,18.0,1.8,pitching
Bryan Abreu,650556,7,18.0,2.57,pitching
Isaac Mattson,676755,11,18.0,1.64,pitching
Javier Assad,665871,5,18.0,3.6,pitching
Tsung-Che Cheng,691907,13,17.5,1.35,hitting
Josh Rojas,668942,16,17.5,1.09,hitting
Colt Emerson,806068,21,17.5,0.83,hitting
Teoscar Hernández,606192,16,17.5,1.09,hitting
Donovan Walton,622268,14,17.0,1.21,hitting
Jase Bowen,687749,18,17.0,0.94,hitting
Orlando Ribalta,687377,9,17.0,1.89,pitching
Miguel Ullola,699044,2,17.0,8.5,pitching
Cole Wilcox,677961,5,17.0,3.4,pitching
Brett Sullivan,664954,11,16.5,1.5,hitting
Starling Marte,516782,11,16.5,1.5,hitting
Dylan Beavers,687637,14,16.5,1.18,hitting
Edmundo Sosa,624641,12,16.5,1.38,hitting
Eduardo Valencia,680664,6,16.0,2.67,hitting
Billy Cook,695257,18,16.0,0.89,hitting
Ben Malgeri,701162,15,16.0,1.07,hitting
Luis Lara,800325,9,16.0,1.78,hitting
Munetaka Murakami,808959,8,16.0,2.0,hitting
Michael Grove,675627,1,16.0,16.0,pitching
Ryan Helsley,664854,3,16.0,5.33,pitching
Jason Adam,592094,4,16.0,4.0,pitching
Huascar Brazobán,623211,9,16.0,1.78,pitching
Dylan Smith,681916,9,16.0,1.78,pitching
Slade Cecconi,677944,3,16.0,5.33,pitching
James McCann,543510,3,15.5,5.17,hitting
Harry Ford,695670,3,15.5,5.17,hitting
Jeremiah Jackson,669236,11,15.5,1.41,hitting
Alex Call,669743,13,15.0,1.15,hitting
Vinnie Pasquantino,686469,6,15.0,2.5,hitting
Alex Freeland,690976,16,15.0,0.94,hitting
Jordan Wicks,696136,2,15.0,7.5,pitching
Khristian Curtis,694753,1,15.0,15.0,pitching
Enmanuel De Jesus,646241,3,15.0,5.0,pitching
Zach Agnos,688642,7,15.0,2.14,pitching
Mason Fluharty,689254,11,15.0,1.36,pitching
Gregory Soto,642397,8,15.0,1.88,pitching
Jorge Barrosa,678489,16,14.5,0.91,hitting
David Hamilton,666152,11,14.5,1.32,hitting
Nick Allen,669397,14,14.5,1.04,hitting
Sean Keys,815873,11,14.5,1.32,hitting
Bryan Torres,663494,18,14.5,0.81,hitting
Zach Dezenzo,701305,9,14.0,1.56,hitting
Drew Cavanaugh,701852,15,14.0,0.93,hitting
Adrian Del Castillo,680728,6,14.0,2.33,hitting
Anthony Bender,669622,3,14.0,4.67,pitching
Cam Sanders,676742,5,14.0,2.8,pitching
Paul Sewald,623149,9,14.0,1.56,pitching
Danny Young,664849,7,14.0,2.0,pitching
Casey Legumina,668984,9,14.0,1.56,pitching
Braydon Fisher,680755,9,14.0,1.56,pitching
Gage Jump,695611,5,14.0,2.8,pitching
Mitch Keller,656605,4,14.0,3.5,pitching
Zebby Matthews,805673,5,14.0,2.8,pitching
Dane Myers,667472,10,13.5,1.35,hitting
Raynel Delgado,669384,11,13.5,1.23,hitting
Anthony Volpe,683011,19,13.5,0.71,hitting
Nate Eaton,681987,9,13.5,1.5,hitting
Brewer Hicklen,676551,4,13.0,3.25,hitting
Carlos Narváez,665966,11,13.0,1.18,hitting
Luke Raley,670042,19,13.0,0.68,hitting
Jimmy Crooks,699625,14,13.0,0.93,hitting
Mark Vientos,668901,10,13.0,1.3,hitting
David Fry,681807,18,13.0,0.72,hitting
Brady Basso,669620,3,13.0,4.33,pitching
Wilber Dotel,696062,1,13.0,13.0,pitching
Mark Leiter Jr.,643410,4,13.0,3.25,pitching
Beau Brieske,689225,4,13.0,3.25,pitching
Brayan Bello,678394,1,13.0,13.0,pitching
Tyler Zuber,676604,9,13.0,1.44,pitching
Bryse Wilson,669060,5,13.0,2.6,pitching
José Alvarado,621237,9,13.0,1.44,pitching
Germán Márquez,608566,4,13.0,3.25,pitching
Michael Lorenzen,547179,5,13.0,2.6,pitching
Kevin Gausman,592332,5,13.0,2.6,pitching
Ryan Feltner,663372,5,13.0,2.6,pitching
Matt Shaw,807713,6,12.5,2.08,hitting
Luis Rengifo,650859,4,12.0,3.0,hitting
Josh Smith,669701,6,12.0,2.0,hitting
Marco Gonzales,594835,1,12.0,12.0,pitching
Jose Cuas,621016,5,12.0,2.4,pitching
Ben Peoples,687239,6,12.0,2.0,pitching
Jhony Brito,666745,3,12.0,4.0,pitching
Shawn Armstrong,542888,14,12.0,0.86,pitching
Carson Whisenhunt,687931,1,12.0,12.0,pitching
Freddy Peralta,642547,5,12.0,2.4,pitching
Braden Shewmake,669699,6,11.5,1.92,hitting
Jose Siri,642350,19,11.5,0.61,hitting
Mitch Garver,641598,8,11.5,1.44,hitting
Joey Loperfido,694388,9,11.5,1.28,hitting
Christian Vázquez,543877,10,11.0,1.1,hitting
LuJames Groover,694410,4,11.0,2.75,hitting
Nick Kurtz,701762,15,11.0,0.73,hitting
Garrett Stallings,668831,2,11.0,5.5,pitching
Alec Gamboa,687941,3,11.0,3.67,pitching
Nate Pearson,663878,7,11.0,1.57,pitching
James Karinchak,675916,5,11.0,2.2,pitching
Riley Cornelio,683000,5,11.0,2.2,pitching
Erik Sabrowski,681870,10,11.0,1.1,pitching
Davis Martin,663436,4,11.0,2.75,pitching
Shane Bieber,669456,5,11.0,2.2,pitching
Kyle Harrison,690986,3,11.0,3.67,pitching
Bryce Elder,693821,3,11.0,3.67,pitching
Corey Seager,608369,4,10.5,2.62,hitting
Freddy Fermin,666023,11,10.0,0.91,hitting
Alan Roden,702176,9,10.0,1.11,hitting
Dax Fulton,690978,2,10.0,5.0,pitching
David Morgan,688158,3,10.0,3.33,pitching
Matt Waldron,663362,2,10.0,5.0,pitching
Tim Hill,657612,9,10.0,1.11,pitching
Chase Petty,695534,6,10.0,1.67,pitching
Lake Bachar,669199,9,10.0,1.11,pitching
Kohl Drake,684442,1,10.0,10.0,pitching
Edward Cabrera,665795,1,10.0,10.0,pitching
Cionel Pérez,672335,8,10.0,1.25,pitching
Sam Aldegheri,691951,3,10.0,3.33,pitching
Luke Maile,571912,3,9.5,3.17,hitting
Brandon Valenzuela,678218,11,9.5,0.86,hitting
Yovanny Cruz,672442,1,9.0,9.0,pitching
Xzavion Curry,675540,4,9.0,2.25,pitching
Drey Jameson,686753,7,9.0,1.29,pitching
Evan Phillips,623465,5,9.0,1.8,pitching
Michael Rucker,621074,11,9.0,0.82,pitching
John Schreiber,670167,9,9.0,1.0,pitching
Seth Johnson,686751,9,9.0,1.0,pitching
Seranthony Domínguez,622554,8,9.0,1.12,pitching
Jakob Junis,596001,5,9.0,1.8,pitching
Tanner Gordon,685299,4,9.0,2.25,pitching
Bubba Chandler,696149,4,9.0,2.25,pitching
Andrew Alvarez,674841,5,9.0,1.8,pitching
Roki Sasaki,808963,4,9.0,2.25,pitching
Mason Englert,669438,2,9.0,4.5,pitching
Jahmai Jones,663330,8,8.5,1.06,hitting
Eric Wagaman,676572,11,8.5,0.77,hitting
Oswald Peraza,672724,17,8.5,0.5,hitting
Colton Cowser,681297,20,8.5,0.42,hitting
Tommy White,695720,4,8.0,2.0,hitting
Christian Encarnacion-Strand,687952,2,8.0,4.0,hitting
Jorge Mateo,622761,14,8.0,0.57,hitting
Owen Murphy,702566,3,8.0,2.67,pitching
Tyler Davis,699823,2,8.0,4.0,pitching
Eddy Yean,678868,1,8.0,8.0,pitching
Marco Raya,694397,3,8.0,2.67,pitching
Chris Roycroft,688297,5,8.0,1.6,pitching
Jacob Lopez,682052,3,8.0,2.67,pitching
Alex Jackson,656577,8,7.5,0.94,hitting
Lucas Spence,828599,5,7.5,1.5,hitting
Drew Millas,686452,7,7.0,1.0,hitting
Pavin Smith,656976,11,7.0,0.64,hitting
Philip Abner,691769,2,7.0,3.5,pitching
Keegan Akin,669211,2,7.0,3.5,pitching
Jason Foley,671345,2,7.0,3.5,pitching
Bennett Sousa,656986,1,7.0,7.0,pitching
Ty Madden,680744,1,7.0,7.0,pitching
Alek Jacob,689690,1,7.0,7.0,pitching
Justin Lawrence,664875,7,7.0,1.0,pitching
Matt Festa,670036,9,7.0,0.78,pitching
Elvis Alvarado,665660,10,7.0,0.7,pitching
Lance McCullers Jr.,621121,1,7.0,7.0,pitching
Eduardo Rivera,700842,2,7.0,3.5,pitching
Patrick Sandoval,663776,2,7.0,3.5,pitching
Alan Rangel,660604,5,7.0,1.4,pitching
Will Wagner,695238,5,6.5,1.3,hitting
Graham Pauley,688363,5,6.0,1.2,hitting
Chad Dallas,689149,1,6.0,6.0,pitching
Yerry De los Santos,660787,3,6.0,2.0,pitching
Wyatt Mills,670090,1,6.0,6.0,pitching
Drew Rom,680723,1,6.0,6.0,pitching
Simeon Woods Richardson,680573,1,6.0,6.0,pitching
Ian Hamilton,641656,3,6.0,2.0,pitching
Daniel Espino,682982,3,6.0,2.0,pitching
Logan VanWey,701121,2,6.0,3.0,pitching
Yennier Cano,666974,9,6.0,0.67,pitching
Ryan Fernandez,681676,4,6.0,1.5,pitching
Lucas Erceg,668674,10,6.0,0.6,pitching
Will Dion,702021,2,6.0,3.0,pitching
Will Vest,676684,2,6.0,3.0,pitching
Caleb Kilian,668873,10,6.0,0.6,pitching
Tristan Gray,656484,13,5.5,0.42,hitting
Ryan Waldschmidt,814439,5,5.5,1.1,hitting
Yohendrick Piñango,682818,8,5.5,0.69,hitting
Jorge Polanco,593871,7,5.5,0.79,hitting
Blake Dunn,694362,4,5.0,1.25,hitting
Blake Perkins,663368,8,5.0,0.62,hitting
Junior Perez,678577,16,5.0,0.31,hitting
Kameron Misner,670224,10,5.0,0.5,hitting
Grant McCray,687529,5,5.0,1.0,hitting
Jack Anderson,681252,1,5.0,5.0,pitching
Spencer Bivens,702352,2,5.0,2.5,pitching
Scott Blewett,656240,1,5.0,5.0,pitching
CJ Van Eyk,669310,1,5.0,5.0,pitching
Anthony Nunez,689296,3,5.0,1.67,pitching
Max Rajcic,691008,4,5.0,1.25,pitching
Kody Funderburk,681892,7,5.0,0.71,pitching
Taylor Rogers,573124,9,5.0,0.56,pitching
Luis Gastelum,703725,5,5.0,1.0,pitching
Matt Strahm,621381,11,5.0,0.45,pitching
Cristian Javier,664299,4,5.0,1.25,pitching
Kyle Hurt,669165,8,5.0,0.62,pitching
Kyle Freeland,607536,5,5.0,1.0,pitching
Ronel Blanco,669854,1,5.0,5.0,pitching
Jesus Rodriguez,683679,2,4.5,2.25,hitting
Kevin Alcántara,682634,7,4.5,0.64,hitting
Garrett Stubbs,596117,5,4.5,0.9,hitting
Tyler Heineman,623168,7,4.5,0.64,hitting
Rowdy Tellez,642133,2,4.5,2.25,hitting
Jake Meyers,676694,10,4.5,0.45,hitting
Chadwick Tromp,644433,1,4.0,4.0,hitting
Spencer Jones,682987,8,4.0,0.5,hitting
Marcelo Mayer,691785,3,4.0,1.33,hitting
Tyler Locklear,682988,2,4.0,2.0,hitting
Brian Navarreto,640459,7,4.0,0.57,hitting
Ali Sánchez,645305,11,4.0,0.36,hitting
Rafael Marchán,665561,6,4.0,0.67,hitting
Eliezer Alfonzo,672613,8,4.0,0.5,hitting
Joey Meneses,608841,8,4.0,0.5,hitting
Luis Robert Jr.,673357,2,4.0,2.0,hitting
Caleb Ferguson,657571,10,4.0,0.4,pitching
Tyler Kinley,641755,9,4.0,0.44,pitching
Matt Svanson,694335,8,4.0,0.5,pitching
Tim Mayza,641835,9,4.0,0.44,pitching
Seth Lugo,607625,5,4.0,0.8,pitching
Justin Dean,681909,11,3.5,0.32,hitting
Matt Chapman,656305,8,3.5,0.44,hitting
Buddy Kennedy,671083,4,3.5,0.88,hitting
Christian Koss,683766,4,3.0,0.75,hitting
Gleyber Torres,650402,2,3.0,1.5,hitting
Rafael Flores Jr.,804668,4,3.0,0.75,hitting
Codi Heuer,676051,1,3.0,3.0,pitching
Brad Keller,641745,1,3.0,3.0,pitching
Trevor Martin,694680,1,3.0,3.0,pitching
Nick Raquet,675919,1,3.0,3.0,pitching
Vince Velasquez,592826,1,3.0,3.0,pitching
Keaton Winn,676775,4,3.0,0.75,pitching
Guillo Zuñiga,670871,1,3.0,3.0,pitching
Zach Brzykcy,694350,2,3.0,1.5,pitching
Paul Gervase,801434,2,3.0,1.5,pitching
Danny Coulombe,543056,6,3.0,0.5,pitching
Joe Rock,697812,1,3.0,3.0,pitching
Joe Ross,605452,2,3.0,1.5,pitching
Josh Walker,677020,2,3.0,1.5,pitching
Camilo Doval,666808,8,3.0,0.38,pitching
Brent Suter,608718,7,3.0,0.43,pitching
Drew Anderson,623454,8,3.0,0.38,pitching
Joel Kuhnel,669270,5,3.0,0.6,pitching
Drew Pomeranz,519141,6,3.0,0.5,pitching
Hunter Dobbins,690928,1,3.0,3.0,pitching
Hunter Brown,686613,5,3.0,0.6,pitching
Janson Junk,676083,2,3.0,1.5,pitching
Mike Burrows,681347,3,3.0,1.0,pitching
MJ Melendez,669004,4,2.5,0.62,hitting
Rodolfo Durán,660710,12,2.5,0.21,hitting
Zack Gelof,680869,6,2.5,0.42,hitting
Ke'Bryan Hayes,663647,6,2.5,0.42,hitting
Chuckie Robinson,642020,5,2.5,0.5,hitting
Braxton Fulford,690924,15,2.5,0.17,hitting
Logan O'Hoppe,681351,19,2.5,0.13,hitting
Maikel Garcia,672580,1,2.0,2.0,hitting
Ryan Ward,669899,3,2.0,0.67,hitting
Cooper Ingle,694876,7,2.0,0.29,hitting
Jonah Cox,813841,9,2.0,0.22,hitting
Jarred Kelenic,672284,4,2.0,0.5,hitting
Alimber Santa,695001,2,2.0,1.0,pitching
Eli Morgan,669212,2,2.0,1.0,pitching
Geoff Hartlieb,664129,5,2.0,0.4,pitching
Robby Ahlstrom,695239,13,2.0,0.15,pitching
Noah Schultz,702273,4,2.0,0.5,pitching
José Azócar,640492,2,1.5,0.75,hitting
Christian Moore,695681,3,1.5,0.5,hitting
Daniel Susac,691740,5,1.5,0.3,hitting
Mickey Gasper,681508,3,1.5,0.5,hitting
Abimelec Ortiz,694673,1,1.0,1.0,hitting
Ronny Mauricio,677595,7,1.0,0.14,hitting
Jesús Sánchez,660821,4,1.0,0.25,hitting
Drew Romo,691011,9,1.0,0.11,hitting
Juan Burgos,686228,2,1.0,0.5,pitching
Hoby Milner,571948,3,1.0,0.33,pitching
Bruce Zimmermann,669145,1,1.0,1.0,pitching
Tayler Saucedo,642048,2,1.0,0.5,pitching
Evan Sisk,681895,3,1.0,0.33,pitching
Richard Lovelady,663992,4,1.0,0.25,pitching
Mitch Bratt,683352,3,1.0,0.33,pitching
Kendry Rojas,696070,4,1.0,0.25,pitching
Tomoyuki Sugano,608372,2,1.0,0.5,pitching
Patrick Corbin,571578,5,1.0,0.2,pitching
Brian Serven,661531,2,0.5,0.25,hitting
Ivan Johnson,671155,4,0.5,0.12,hitting
Spencer Horwitz,687462,2,0.0,0.0,hitting
Pedro Pagés,686780,15,0.0,0.0,hitting
Kyle Farmer,571657,2,0.0,0.0,hitting
Brett Harris,695391,1,0.0,0.0,hitting
Zak Kent,687849,1,0.0,0.0,hitting
Ha-Seong Kim,673490,6,0.0,0.0,hitting
Miles Mastrobuoni,670156,5,0.0,0.0,hitting
Connor Seabold,657756,1,0.0,0.0,hitting
Antonio Senzatela,622608,1,0.0,0.0,hitting
Zack Short,670097,3,0.0,0.0,hitting
Chase Shugart,663767,1,0.0,0.0,hitting
Randy Vásquez,681190,1,0.0,0.0,hitting
Austin Wynns,642851,1,0.0,0.0,hitting
Chris Paddack,663978,1,0.0,0.0,pitching
Anthony Banda,607455,3,0.0,0.0,pitching
Kyle Backhus,679775,7,0.0,0.0,pitching
Miles Mikolas,571945,5,0.0,0.0,pitching
Jameson Taillon,592791,1,0.0,0.0,pitching
John Rave,670231,5,-0.5,-0.1,hitting
Jack Brannigan,687394,1,-0.5,-0.5,hitting
Rece Hinds,677956,1,-0.5,-0.5,hitting
Greg Jones,675659,1,-0.5,-0.5,hitting
Rob Refsnyder,608701,2,-0.5,-0.25,hitting
Stuart Fairchild,656413,3,-1.0,-0.33,hitting
Kyler Fedko,693459,8,-1.0,-0.12,hitting
Davis Schneider,676914,4,-1.0,-0.25,hitting
Cody Laweryson,689520,1,-1.0,-1.0,pitching
Brendon Little,663893,1,-1.0,-1.0,pitching
Joey Gerber,680702,4,-1.0,-0.25,pitching
Dennis Santana,642701,11,-1.0,-0.09,pitching
Lazaro Estrada,681751,2,-1.0,-0.5,pitching
Tony Santillan,663574,1,-1.0,-1.0,pitching
Will Warren,701542,4,-1.0,-0.25,pitching
Griffin Canning,656288,5,-1.0,-0.2,pitching
Matt McLain,680574,10,-1.5,-0.15,hitting
Connor Norby,681393,2,-1.5,-0.75,hitting
Oswaldo Cabrera,665828,3,-2.0,-0.67,hitting
Zach McCambley,685112,1,-2.0,-2.0,pitching
Brenan Hanifee,669724,3,-2.0,-0.67,pitching
Hunter Stratton,676702,2,-2.0,-1.0,pitching
Sam Moll,594580,12,-2.0,-0.17,pitching
Woo-Suk Go,808970,4,-2.0,-0.5,pitching
Winston Santos,692437,1,-2.0,-2.0,pitching
Drew Sommers,805427,9,-2.0,-0.22,pitching
Logan Allen,671106,1,-2.0,-2.0,pitching
Mike Paredes,702474,4,-2.0,-0.5,pitching
Marcus Semien,543760,6,-2.5,-0.42,hitting
Eric Haase,606992,8,-2.5,-0.31,hitting
Phil Maton,664208,3,-3.0,-1.0,pitching
Jeff Criswell,676105,1,-3.0,-3.0,pitching
Pete Fairbanks,664126,9,-3.0,-0.33,pitching
Alex Lange,656638,8,-3.0,-0.38,pitching
Jack Perkins,678022,4,-3.0,-0.75,pitching
Kyle Hart,606996,9,-3.0,-0.33,pitching
Sam Huff,669087,3,-3.5,-1.17,hitting
Max Lazar,676661,3,-4.0,-1.33,pitching
Gavin Collyer,686560,5,-4.0,-0.8,pitching
Josh Simpson,681006,1,-4.0,-4.0,pitching
Mitchell Parker,680730,3,-4.0,-1.33,pitching
Kai-Wei Teng,678906,2,-4.0,-2.0,pitching
Kade Morris,695034,2,-5.0,-2.5,pitching
Landon Knack,689017,2,-5.0,-2.5,pitching
Connor Thomas,671162,1,-5.0,-5.0,pitching
Emiliano Teodo,693713,1,-5.0,-5.0,pitching
Jake Woodford,663765,1,-5.0,-5.0,pitching
Zac Gallen,668678,3,-5.0,-1.67,pitching
Dustin May,669160,4,-5.0,-1.25,pitching
William Kempner,687531,3,-6.0,-2.0,pitching
Brandan Bidois,684049,2,-6.0,-3.0,pitching
Aaron Civale,650644,5,-6.0,-1.2,pitching
Nick Davila,689546,7,-7.0,-1.0,pitching
Matt Krook,640454,9,-7.0,-0.78,pitching
Carson Palmquist,687223,7,-7.0,-1.0,pitching
Lou Trivino III,642152,3,-8.0,-2.67,pitching
Antwone Kelly,699008,1,-8.0,-8.0,pitching
Jonathan Pintaro,702752,1,-8.0,-8.0,pitching
Paxton Schultz,687606,1,-8.0,-8.0,pitching
Kodai Senga,673540,6,-8.0,-1.33,pitching
Brendan Beck,694341,1,-8.0,-8.0,pitching
Stephen Kolek,663568,1,-8.0,-8.0,pitching
Chris Martin,455119,4,-9.0,-2.25,pitching
Eric Cerantola,672021,1,-9.0,-9.0,pitching
Cole Henry,669371,1,-9.0,-9.0,pitching
Tobias Myers,668964,4,-10.0,-2.5,pitching
Pierce Johnson,572955,9,-10.0,-1.11,pitching
Eric Orze,679358,5,-10.0,-2.0,pitching
TJ Shook,669298,1,-10.0,-10.0,pitching
Grayson Rodriguez,680570,2,-10.0,-5.0,pitching
Spencer Arrighetti,681293,4,-10.0,-2.5,pitching
Mason Barnett,686930,7,-11.0,-1.57,pitching
Seth Halvorsen,678020,3,-11.0,-3.67,pitching
Jayden Murray,681151,2,-11.0,-5.5,pitching
Martín Pérez,527048,3,-11.0,-3.67,pitching
Jeffrey Springs,605488,4,-11.0,-2.75,pitching
Jose Cabrera,703615,3,-11.0,-3.67,pitching
Hurston Waldrep,694462,3,-11.0,-3.67,pitching
Charlie Barnes,656212,1,-12.0,-12.0,pitching
Alex Hoppe,695380,2,-12.0,-6.0,pitching
Austin Voth,608723,1,-13.0,-13.0,pitching
Ethan Roberts,681799,3,-13.0,-4.33,pitching
John Brebbia,605154,2,-13.0,-6.5,pitching
Steven Matz,571927,1,-13.0,-13.0,pitching
Gus Varland,681402,1,-13.0,-13.0,pitching
Adam Macko,671936,7,-14.0,-2.0,pitching
Calvin Faucher,676534,10,-14.0,-1.4,pitching
Ron Marinaccio,676760,7,-15.0,-2.14,pitching
Jake Bird,656234,7,-15.0,-2.14,pitching
Carlos Carrasco,471911,2,-15.0,-7.5,pitching
Jonathan Hernández,642546,2,-15.0,-7.5,pitching
Tommy Kahnle,592454,2,-15.0,-7.5,pitching
Tanner Banks,621383,2,-15.0,-7.5,pitching
Matt Gage,657424,3,-16.0,-5.33,pitching
Walker Buehler,621111,5,-16.0,-3.2,pitching
Max Kranick,668820,1,-17.0,-17.0,pitching
Yunior Tur,814305,1,-18.0,-18.0,pitching
Sean Sullivan,807743,3,-18.0,-6.0,pitching
Trey Gibson,694346,2,-18.0,-9.0,pitching
Jared Koenig,657649,6,-19.0,-3.17,pitching
Austin Warren,681810,5,-19.0,-3.8,pitching
Rhett Lowder,695076,6,-19.0,-3.17,pitching
Matt Seelinger,676910,1,-22.0,-22.0,pitching
Noah Cameron,702070,5,-22.0,-4.4,pitching
Jared Shuster,694363,1,-23.0,-23.0,pitching
Ryan Walker,676254,7,-26.0,-3.71,pitching
Brad Lord,695418,4,-27.0,-6.75,pitching
Jose Corniell,692030,2,-28.0,-14.0,pitching
Justin Sterner,686993,10,-30.0,-3.0,pitching
Mitch Spence,687765,1,-35.0,-35.0,pitching
