mlbam_id,name,norm_name,mlb_team,il_type,status_code,status_desc
640462,A.J. Puk,aj puk,AZ,60-day,D60,Injured 60-Day
691021,A.J. Vukovich,aj vukovich,AZ,7-day,D7,Injured 7-Day
700363,AJ Smith-Shawver,aj smith-shawver,ATL,60-day,D60,Injured 60-Day
831004,AJ Soldra,aj soldra,LAD,full-season,ILF,Injured - Full Season
605156,Aaron Brooks,aaron brooks,TB,full-season,ILF,Injured - Full Season
702126,Aaron Davenport,aaron davenport,CLE,60-day,D60,Injured 60-Day
592450,Aaron Judge,aaron judge,NYY,60-day,D60,Injured 60-Day
801590,Aaron Parker,aaron parker,TOR,7-day,D7,Injured 7-Day
808860,Aaron Savary,aaron savary,CLE,7-day,D7,Injured 7-Day
830799,Abraham Gomez,abraham gomez,DET,60-day,D60,Injured 60-Day
834675,Abraham Negrin,abraham negrin,CLE,60-day,D60,Injured 60-Day
808041,Abraham Nunez,abraham nunez,CWS,7-day,D7,Injured 7-Day
826168,Adam Bloebaum,adam bloebaum,WSH,60-day,D60,Injured 60-Day
687148,Adam Fogel,adam fogel,CWS,7-day,D7,Injured 7-Day
624428,Adam Frazier,adam frazier,LAA,10-day,D10,Injured 10-Day
669445,Adam Laskey,adam laskey,COL,60-day,D60,Injured 60-Day
800049,Adam Mazur,adam mazur,MIA,60-day,D60,Injured 60-Day
680718,Addison Barger,addison barger,TOR,10-day,D10,Injured 10-Day
668939,Adley Rutschman,adley rutschman,BAL,10-day,D10,Injured 10-Day
666969,Adolis García,adolis garcia,PHI,60-day,D60,Injured 60-Day
806583,Adonys Perez,adonys perez,AZ,7-day,D7,Injured 7-Day
691437,Adrian Pinto,adrian pinto,TOR,7-day,D7,Injured 7-Day
692037,Adrian Quintana,adrian quintana,SEA,60-day,D60,Injured 60-Day
803745,Adrian Santana,adrian santana,TB,7-day,D7,Injured 7-Day
830397,Adrian Torres,adrian torres,LAD,60-day,D60,Injured 60-Day
692368,Adrián Sugastey,adrian sugastey,SF,7-day,D7,Injured 7-Day
805795,Aidan Miller,aidan miller,PHI,7-day,D7,Injured 7-Day
835318,Aidan Redahan,aidan redahan,COL,7-day,D7,Injured 7-Day
807026,Aiden Taggart,aiden taggart,TOR,7-day,D7,Injured 7-Day
804109,Aiva Arquette,aiva arquette,MIA,7-day,D7,Injured 7-Day
827286,Albert Ortiz,albert ortiz,MIA,60-day,D60,Injured 60-Day
839016,Albert Pena,albert pena,BOS,60-day,D60,Injured 60-Day
805696,Albert Polanco,albert polanco,MIA,full-season,ILF,Injured - Full Season
839408,Albert Ramos,albert ramos,ATH,60-day,D60,Injured 60-Day
699215,Alberto Mota,alberto mota,TEX,60-day,D60,Injured 60-Day
702881,Aldrin Batista,aldrin batista,CWS,60-day,D60,Injured 60-Day
679525,Alec Marsh,alec marsh,KC,60-day,D60,Injured 60-Day
822189,Alejandro Martinez,alejandro martinez,COL,7-day,D7,Injured 7-Day
829693,Alejandro Rondon,alejandro rondon,PIT,60-day,D60,Injured 60-Day
691730,Alejandro Rosario,alejandro rosario,WSH,full-season,ILF,Injured - Full Season
703060,Alejandro Urias,alejandro urias,NYM,60-day,D60,Injured 60-Day
700344,Alessandro Ercolani,alessandro ercolani,PIT,7-day,D7,Injured 7-Day
832225,Alex Breckheimer,alex breckheimer,STL,60-day,D60,Injured 60-Day
676498,Alex Cornwell,alex cornwell,STL,full-season,ILF,Injured - Full Season
694453,Alex Galvan,alex galvan,AZ,60-day,D60,Injured 60-Day
825754,Alex Ramos,alex ramos,BAL,7-day,D7,Injured 7-Day
808167,Alexander De Los Santos,alexander de los santos,PHI,7-day,D7,Injured 7-Day
822280,Alexander Diaz,alexander diaz,BAL,60-day,D60,Injured 60-Day
824212,Alexander Garcia,alexander garcia,CLE,full-season,ILF,Injured - Full Season
832797,Alexis Gonzalez,alexis gonzalez,NYY,60-day,D60,Injured 60-Day
692562,Alexis Hernandez,alexis hernandez,TOR,7-day,D7,Injured 7-Day
800225,Alexis Torres,alexis torres,PIT,full-season,ILF,Injured - Full Season
814376,Alfredo Guanchez,alfredo guanchez,AZ,60-day,D60,Injured 60-Day
700287,Alfredo Zarraga,alfredo zarraga,TB,60-day,D60,Injured 60-Day
816305,Alistair Tanner,alistair tanner,DET,full-season,ILF,Injured - Full Season
696280,Alonzo Tredwell,alonzo tredwell,HOU,60-day,D60,Injured 60-Day
699154,Alvaro Mejias,alvaro mejias,TB,7-day,D7,Injured 7-Day
812460,Alvin Nova,alvin nova,ATH,60-day,D60,Injured 60-Day
837937,Ander Guzman,ander guzman,CWS,60-day,D60,Injured 60-Day
820901,Anderson Brito,anderson brito,TB,60-day,D60,Injured 60-Day
829705,Anderson Diaz,anderson diaz,DET,60-day,D60,Injured 60-Day
823414,Anderson Ramos,anderson ramos,MIN,full-season,ILF,Injured - Full Season
807954,Andersson Barvosa,andersson barvosa,TB,60-day,D60,Injured 60-Day
807639,Andre Vasquez,andre vasquez,CIN,60-day,D60,Injured 60-Day
686643,Andrew Dalquist,andrew dalquist,SD,7-day,D7,Injured 7-Day
688474,Andrew Morones,andrew morones,KC,7-day,D7,Injured 7-Day
677053,Andrew Nardi,andrew nardi,MIA,60-day,D60,Injured 60-Day
685314,Andrew Saalfrank,andrew saalfrank,AZ,60-day,D60,Injured 60-Day
811106,Andrew Sentlinger,andrew sentlinger,CWS,60-day,D60,Injured 60-Day
811083,Andrew Tess,andrew tess,BAL,60-day,D60,Injured 60-Day
681003,Andrew Walling,andrew walling,PHI,7-day,D7,Injured 7-Day
836602,Andri Hidalgo,andri hidalgo,BAL,7-day,D7,Injured 7-Day
820848,Andy Fabian,andy fabian,BAL,60-day,D60,Injured 60-Day
628451,Andy Ibáñez,andy ibanez,NYM,7-day,D7,Injured 7-Day
703142,Andy Rodriguez,andy rodriguez,TB,60-day,D60,Injured 60-Day
837329,Andy Sanchez,andy sanchez,KC,60-day,D60,Injured 60-Day
703102,Anfernny Reyes,anfernny reyes,MIL,60-day,D60,Injured 60-Day
823368,Angel Bello,angel bello,CWS,60-day,D60,Injured 60-Day
702784,Angel Benitez,angel benitez,NYY,60-day,D60,Injured 60-Day
837680,Angel Cordova,angel cordova,CLE,60-day,D60,Injured 60-Day
829837,Angel Gonzalez,angel gonzalez,CHC,60-day,D60,Injured 60-Day
682657,Angel Martínez,angel martinez,CLE,10-day,D10,Injured 10-Day
825418,Angel Montero,angel montero,NYM,60-day,D60,Injured 60-Day
820877,Angel Ynfante,angel ynfante,TOR,7-day,D7,Injured 7-Day
672582,Angel Zerpa,angel zerpa,MIL,60-day,D60,Injured 60-Day
695484,Anson Aroz,anson aroz,LAD,7-day,D7,Injured 7-Day
607455,Anthony Banda,anthony banda,MIN,60-day,D60,Injured 60-Day
669622,Anthony Bender,anthony bender,MIA,15-day,D15,Injured 15-Day
821242,Anthony Delgado,anthony delgado,NYM,60-day,D60,Injured 60-Day
820878,Anthony Gantes,anthony gantes,HOU,60-day,D60,Injured 60-Day
703152,Anthony Gutierrez,anthony gutierrez,TEX,full-season,ILF,Injured - Full Season
543685,Anthony Rendon,anthony rendon,LAA,60-day,D60,Injured 60-Day
623993,Anthony Santander,anthony santander,TOR,60-day,D60,Injured 60-Day
703430,Anthony Scull,anthony scull,LAA,7-day,D7,Injured 7-Day
702500,Anthony Silva,anthony silva,CLE,60-day,D60,Injured 60-Day
696143,Anthony Solometo,anthony solometo,PIT,full-season,ILF,Injured - Full Season
803174,Anthony Stephan,anthony stephan,CIN,full-season,ILF,Injured - Full Season
809779,Anthony Tandron,anthony tandron,SF,60-day,D60,Injured 60-Day
682625,Antonio Gomez,antonio gomez,NYY,60-day,D60,Injured 60-Day
809812,Antony Aparicio,antony aparicio,HOU,full-season,ILF,Injured - Full Season
694041,Anyelo Ovando,anyelo ovando,SEA,full-season,ILF,Injured - Full Season
703242,Anyer Laureano,anyer laureano,CIN,7-day,D7,Injured 7-Day
605244,Aramis Garcia,aramis garcia,AZ,7-day,D7,Injured 7-Day
821783,Argenis Cayama,argenis cayama,SF,7-day,D7,Injured 7-Day
829820,Ariel Ramos,ariel ramos,CHC,60-day,D60,Injured 60-Day
800051,Austin Charles,austin charles,KC,60-day,D60,Injured 60-Day
805972,Austin Ehrlicher,austin ehrlicher,BOS,7-day,D7,Injured 7-Day
809719,Austin Green,austin green,NYY,full-season,ILF,Injured - Full Season
669720,Austin Hays,austin hays,CWS,60-day,D60,Injured 60-Day
685116,Austin Kitchen,austin kitchen,SEA,full-season,ILF,Injured - Full Season
689456,Austin Murr,austin murr,PHI,7-day,D7,Injured 7-Day
809340,Austin Troesser,austin troesser,NYM,full-season,ILF,Injured - Full Season
694391,Austin Vernon,austin vernon,TB,full-season,ILF,Injured - Full Season
681810,Austin Warren,austin warren,NYM,15-day,D15,Injured 15-Day
830048,Ayverson Echenique,ayverson echenique,TEX,60-day,D60,Injured 60-Day
690544,Bailey Horn,bailey horn,DET,60-day,D60,Injured 60-Day
806010,Barrett Kent,barrett kent,LAA,full-season,ILF,Injured - Full Season
834900,Barrett Morgan,barrett morgan,BOS,7-day,D7,Injured 7-Day
676962,Ben Brown,ben brown,CHC,15-day,D15,Injured 15-Day
804992,Ben Brutti,ben brutti,CIN,7-day,D7,Injured 7-Day
676508,Ben Casparius,ben casparius,LAD,60-day,D60,Injured 60-Day
690989,Ben Hernandez,ben hernandez,SEA,7-day,D7,Injured 7-Day
690829,Ben Joyce,ben joyce,LAA,60-day,D60,Injured 60-Day
594902,Ben Lively,ben lively,CLE,60-day,D60,Injured 60-Day
832560,Ben Moore,ben moore,WSH,7-day,D7,Injured 7-Day
803292,Ben Peterson,ben peterson,SF,7-day,D7,Injured 7-Day
815456,Ben Shields,ben shields,COL,60-day,D60,Injured 60-Day
815969,Bernardo Rivera,bernardo rivera,TEX,full-season,ILF,Injured - Full Season
807723,Bjorn Johnson,bjorn johnson,MIL,7-day,D7,Injured 7-Day
676275,Blake Beers,blake beers,ATH,60-day,D60,Injured 60-Day
703537,Blake Dickerson,blake dickerson,DET,60-day,D60,Injured 60-Day
694362,Blake Dunn,blake dunn,CIN,10-day,D10,Injured 10-Day
805730,Blake Gillespie,blake gillespie,NYY,60-day,D60,Injured 60-Day
813768,Blake Hammond,blake hammond,ATH,7-day,D7,Injured 7-Day
690999,Blake Money,blake money,BAL,full-season,ILF,Injured - Full Season
605483,Blake Snell,blake snell,LAD,60-day,D60,Injured 60-Day
595014,Blake Treinen,blake treinen,LAD,15-day,D15,Injured 15-Day
686796,Blake Walston,blake walston,AZ,60-day,D60,Injured 60-Day
694543,Blake Wright,blake wright,COL,7-day,D7,Injured 7-Day
680604,Blas Castaño,blas castano,COL,15-day,D15,Injured 15-Day
669416,Blayne Enlow,blayne enlow,ATL,7-day,D7,Injured 7-Day
677942,Blaze Alexander,blaze alexander,BAL,10-day,D10,Injured 10-Day
676272,Bobby Miller,bobby miller,LAD,60-day,D60,Injured 60-Day
805951,Boston Baro,boston baro,NYM,60-day,D60,Injured 60-Day
670102,Bowden Francis,bowden francis,TOR,60-day,D60,Injured 60-Day
656368,Brad Deppermann,brad deppermann,SF,7-day,D7,Injured 7-Day
641745,Brad Keller,brad keller,PHI,15-day,D15,Injured 15-Day
695418,Brad Lord,brad lord,WSH,15-day,D15,Injured 15-Day
813882,Brady Choban,brady choban,LAA,7-day,D7,Injured 7-Day
800953,Brady Day,brady day,PHI,60-day,D60,Injured 60-Day
805424,Brady Jones,brady jones,TB,full-season,ILF,Injured - Full Season
835985,Brady Miller,brady miller,NYM,60-day,D60,Injured 60-Day
695551,Brady Tygart,brady tygart,BOS,60-day,D60,Injured 60-Day
805634,Braeden Fausnaught,braeden fausnaught,PHI,60-day,D60,Injured 60-Day
840448,Braillin Cordero,braillin cordero,CIN,60-day,D60,Injured 60-Day
702255,Brandon Barriera,brandon barriera,TOR,7-day,D7,Injured 7-Day
656232,Brandon Bielak,brandon bielak,HOU,60-day,D60,Injured 60-Day
669361,Brandon Birdsell,brandon birdsell,CHC,60-day,D60,Injured 60-Day
700251,Brandon Clarke,brandon clarke,STL,60-day,D60,Injured 60-Day
822162,Brandon Forrester,brandon forrester,HOU,7-day,D7,Injured 7-Day
663604,Brandon Lockridge,brandon lockridge,MIL,60-day,D60,Injured 60-Day
663399,Brandon Waddell,brandon waddell,NYM,7-day,D7,Injured 7-Day
687888,Brandon Walter,brandon walter,HOU,60-day,D60,Injured 60-Day
682227,Brandon Williamson,brandon williamson,CIN,60-day,D60,Injured 60-Day
605540,Brandon Woodruff,brandon woodruff,MIL,60-day,D60,Injured 60-Day
821024,Branell Anderson,branell anderson,DET,60-day,D60,Injured 60-Day
676428,Brant Hurter,brant hurter,DET,60-day,D60,Injured 60-Day
688867,Braxton Bragg,braxton bragg,BAL,60-day,D60,Injured 60-Day
805703,Braxton Hyde,braxton hyde,COL,full-season,ILF,Injured - Full Season
828419,Brayden Heidel,brayden heidel,TOR,7-day,D7,Injured 7-Day
703613,Brayden Risedorph,brayden risedorph,CHC,full-season,ILF,Injured - Full Season
685319,Braydon Tucker,braydon tucker,PHI,7-day,D7,Injured 7-Day
680977,Brendan Donovan,brendan donovan,SEA,10-day,D10,Injured 10-Day
826545,Brendan Durfee,brendan durfee,SD,7-day,D7,Injured 7-Day
663898,Brendan Rodgers,brendan rodgers,BOS,full-season,ILF,Injured - Full Season
834863,Brennan Stuprich,brennan stuprich,NYY,7-day,D7,Injured 7-Day
702685,Brenner Cox,brenner cox,WSH,full-season,ILF,Injured - Full Season
667670,Brent Rooker,brent rooker,ATH,60-day,D60,Injured 60-Day
686668,Brenton Doyle,brenton doyle,COL,10-day,D10,Injured 10-Day
814489,Brett Wichrowski,brett wichrowski,MIL,7-day,D7,Injured 7-Day
702153,Brian Fitzpatrick,brian fitzpatrick,MIL,60-day,D60,Injured 60-Day
830456,Brian Tiburcio,brian tiburcio,COL,60-day,D60,Injured 60-Day
687003,Brian Van Belle,brian van belle,TB,full-season,ILF,Injured - Full Season
694728,Brice Matthews,brice matthews,HOU,10-day,D10,Injured 10-Day
822175,Bridger Holmes,bridger holmes,LAA,60-day,D60,Injured 60-Day
828987,Briggs McKenzie,briggs mckenzie,ATL,7-day,D7,Injured 7-Day
691795,Brock Selvidge,brock selvidge,NYY,full-season,ILF,Injured - Full Season
701679,Brody Brecht,brody brecht,COL,7-day,D7,Injured 7-Day
824624,Brooks Auger,brooks auger,LAD,7-day,D7,Injured 7-Day
681460,Brooks Baldwin,brooks baldwin,CWS,60-day,D60,Injured 60-Day
804871,Brooks Bryan,brooks bryan,KC,7-day,D7,Injured 7-Day
827670,Brooks Fowler,brooks fowler,TEX,60-day,D60,Injured 60-Day
621139,Brooks Kriske,brooks kriske,ATH,60-day,D60,Injured 60-Day
828202,Bruin Agbayani,bruin agbayani,MIN,60-day,D60,Injured 60-Day
694058,Bruno López,bruno lopez,STL,60-day,D60,Injured 60-Day
660813,Brusdar Graterol,brusdar graterol,LAD,60-day,D60,Injured 60-Day
703195,Bryan Acuña,bryan acuna,MIN,7-day,D7,Injured 7-Day
832442,Bryan Borbon,bryan borbon,TOR,7-day,D7,Injured 7-Day
663773,Bryan Hoeing,bryan hoeing,SD,60-day,D60,Injured 60-Day
800469,Bryan Rivera,bryan rivera,MIL,60-day,D60,Injured 60-Day
825926,Bryant Olson,bryant olson,WSH,full-season,ILF,Injured - Full Season
815501,Bryce Meccage,bryce meccage,MIL,60-day,D60,Injured 60-Day
703657,Bryson Dudley,bryson dudley,KC,full-season,ILF,Injured - Full Season
687303,Bryson McArn,bryson mcarn,ATH,60-day,D60,Injured 60-Day
694310,Bryson Ware,bryson ware,PHI,7-day,D7,Injured 7-Day
572143,Burch Smith,burch smith,DET,60-day,D60,Injured 60-Day
680769,CJ Alexander,cj alexander,HOU,7-day,D7,Injured 7-Day
694475,Cade Austin,cade austin,MIA,60-day,D60,Injured 60-Day
702651,Cade Fisher,cade fisher,BOS,60-day,D60,Injured 60-Day
690990,Cade Horton,cade horton,CHC,60-day,D60,Injured 60-Day
681387,Caden Monke,caden monke,KC,7-day,D7,Injured 7-Day
681134,Caleb Roberts,caleb roberts,MIN,7-day,D7,Injured 7-Day
691941,Calvin Harris,calvin harris,CWS,7-day,D7,Injured 7-Day
809686,Cam Maldonado,cam maldonado,SF,7-day,D7,Injured 7-Day
806704,Cam Tilly,cam tilly,NYM,7-day,D7,Injured 7-Day
804999,Cameron Keshock,cameron keshock,PIT,7-day,D7,Injured 7-Day
824029,Cameron Sullivan,cameron sullivan,CLE,60-day,D60,Injured 60-Day
806969,Camilo Diaz,camilo diaz,HOU,7-day,D7,Injured 7-Day
807962,Carlos Castillo,carlos castillo,PIT,60-day,D60,Injured 60-Day
621043,Carlos Correa,carlos correa,HOU,60-day,D60,Injured 60-Day
608032,Carlos Estévez,carlos estevez,KC,60-day,D60,Injured 60-Day
691863,Carlos Franco,carlos franco,ATH,7-day,D7,Injured 7-Day
801739,Carlos Lagrange,carlos lagrange,NYY,7-day,D7,Injured 7-Day
830439,Carlos Ramirez,carlos ramirez,LAD,60-day,D60,Injured 60-Day
607074,Carlos Rodón,carlos rodon,NYY,15-day,D15,Injured 15-Day
679857,Carlos Tavera,carlos tavera,BAL,7-day,D7,Injured 7-Day
672841,Carlos Vargas,carlos vargas,SEA,60-day,D60,Injured 60-Day
821803,Carlos Villarroel,carlos villarroel,NYY,full-season,ILF,Injured - Full Season
701831,Carson DeMartini,carson demartini,PHI,7-day,D7,Injured 7-Day
686730,Carson Spiers,carson spiers,CIN,60-day,D60,Injured 60-Day
691945,Carter Baumler,carter baumler,TEX,60-day,D60,Injured 60-Day
815150,Carter Frederick,carter frederick,KC,60-day,D60,Injured 60-Day
836075,Carter Gwost,carter gwost,PIT,60-day,D60,Injured 60-Day
701053,Carter Spivey,carter spivey,CLE,full-season,ILF,Injured - Full Season
695565,Casey Saucke,casey saucke,CWS,60-day,D60,Injured 60-Day
804523,Casey Steward,casey steward,PHI,full-season,ILF,Injured - Full Season
830438,Cesar Cerezo,cesar cerezo,TOR,7-day,D7,Injured 7-Day
702904,Cesar De Jesus,cesar de jesus,TB,7-day,D7,Injured 7-Day
829828,Cesar Farias,cesar farias,SEA,60-day,D60,Injured 60-Day
800431,Cesar Rivera,cesar rivera,NYM,7-day,D7,Injured 7-Day
686489,Chandler Murphy,chandler murphy,TB,60-day,D60,Injured 60-Day
835646,Chang Tzu-Chun Lin,chang tzu-chun lin,MIL,full-season,ILF,Injured - Full Season
805792,Charlee Soto,charlee soto,MIN,7-day,D7,Injured 7-Day
695482,Chase Allsup,chase allsup,BAL,full-season,ILF,Injured - Full Season
680774,Chase Costello,chase costello,MIL,full-season,ILF,Injured - Full Season
801403,Chase Dollander,chase dollander,COL,60-day,D60,Injured 60-Day
800691,Chase Isbell,chase isbell,KC,full-season,ILF,Injured - Full Season
807410,Chay Yeager,chay yeager,TOR,full-season,ILF,Injured - Full Season
681324,Chazz Martinez,chazz martinez,KC,full-season,ILF,Injured - Full Season
828430,Chia-Shi Shen,chia-shi shen,SEA,60-day,D60,Injured 60-Day
701360,Chris Arroyo,chris arroyo,MIA,60-day,D60,Injured 60-Day
605135,Chris Bassitt,chris bassitt,BAL,60-day,D60,Injured 60-Day
606965,Chris Devenski,chris devenski,PIT,60-day,D60,Injured 60-Day
455119,Chris Martin,chris martin,TEX,15-day,D15,Injured 15-Day
680273,Chris Meyers,chris meyers,DET,7-day,D7,Injured 7-Day
810102,Chris Veach,chris veach,NYY,60-day,D60,Injured 60-Day
685125,Christian Chamberlain,christian chamberlain,KC,60-day,D60,Injured 60-Day
687115,Christian Gordon,christian gordon,CHC,full-season,ILF,Injured - Full Season
809326,Christian Lopez,christian lopez,CIN,60-day,D60,Injured 60-Day
816154,Christian Oliveira,christian oliveira,LAD,60-day,D60,Injured 60-Day
816290,Christopher Hernandez,christopher hernandez,TEX,60-day,D60,Injured 60-Day
657376,Clarke Schmidt,clarke schmidt,NYY,60-day,D60,Injured 60-Day
837752,Claudio Pereira,claudio pereira,BOS,60-day,D60,Injured 60-Day
605280,Clay Holmes,clay holmes,NYM,60-day,D60,Injured 60-Day
699283,Cleiber Maldonado,cleiber maldonado,MIN,60-day,D60,Injured 60-Day
814161,Clete Hartzog,clete hartzog,CWS,60-day,D60,Injured 60-Day
814136,Clevari Tejada,clevari tejada,PIT,full-season,ILF,Injured - Full Season
826932,Cobb Hightower,cobb hightower,BAL,60-day,D60,Injured 60-Day
674003,Cody Bradford,cody bradford,TEX,60-day,D60,Injured 60-Day
805149,Cody Delvecchio,cody delvecchio,SF,7-day,D7,Injured 7-Day
683227,Cody Freeman,cody freeman,TEX,10-day,D10,Injured 10-Day
664074,Cody Ponce,cody ponce,TOR,60-day,D60,Injured 60-Day
836174,Cole MacRae,cole macrae,HOU,60-day,D60,Injured 60-Day
695573,Cole Mathis,cole mathis,NYM,7-day,D7,Injured 7-Day
800996,Cole Paplham,cole paplham,SD,full-season,ILF,Injured - Full Season
702551,Cole Phillips,cole phillips,MIL,60-day,D60,Injured 60-Day
666142,Cole Ragans,cole ragans,KC,60-day,D60,Injured 60-Day
663485,Cole Sands,cole sands,MIN,15-day,D15,Injured 15-Day
800616,Cole Schoenwetter,cole schoenwetter,CIN,full-season,ILF,Injured - Full Season
824763,Colin Daniel,colin daniel,ATL,60-day,D60,Injured 60-Day
681882,Colin Selby,colin selby,BAL,60-day,D60,Injured 60-Day
800961,Collin Rothermel,collin rothermel,AZ,full-season,ILF,Injured - Full Season
822795,Colton Book,colton book,CHC,full-season,ILF,Injured - Full Season
813349,Connelly Early,connelly early,BOS,15-day,D15,Injured 15-Day
694829,Connor Burns,connor burns,CIN,60-day,D60,Injured 60-Day
687362,Connor Gillispie,connor gillispie,PHI,full-season,ILF,Injured - Full Season
663731,Connor Kaiser,connor kaiser,KC,7-day,D7,Injured 7-Day
835024,Connor Knox,connor knox,CHC,60-day,D60,Injured 60-Day
687570,Connor Prielipp,connor prielipp,MIN,15-day,D15,Injured 15-Day
657756,Connor Seabold,connor seabold,KC,15-day,D15,Injured 15-Day
824606,Connor Spencer,connor spencer,CHC,full-season,ILF,Injured - Full Season
681867,Cooper Criswell,cooper criswell,SEA,60-day,D60,Injured 60-Day
669203,Corbin Burnes,corbin burnes,AZ,60-day,D60,Injured 60-Day
608369,Corey Seager,corey seager,TEX,10-day,D10,Injured 10-Day
696505,Cory Wall,cory wall,ATL,60-day,D60,Injured 60-Day
695735,Creed Willems,creed willems,BAL,7-day,D7,Injured 7-Day
835002,Cristhian Espinosa,cristhian espinosa,TOR,7-day,D7,Injured 7-Day
691441,Cristian Mena,cristian mena,AZ,60-day,D60,Injured 60-Day
839710,Cristopher Del Orbe,cristopher del orbe,NYM,60-day,D60,Injured 60-Day
703479,Cullen McKay,cullen mckay,LAD,60-day,D60,Injured 60-Day
805222,Curtis Hebert,curtis hebert,HOU,7-day,D7,Injured 7-Day
690944,Curtis Washington Jr.,curtis washington jr,SEA,60-day,D60,Injured 60-Day
687792,DJ Herz,dj herz,WSH,60-day,D60,Injured 60-Day
669084,DL Hall,dl hall,MIL,15-day,D15,Injured 15-Day
821092,Dalvinson Reyes,dalvinson reyes,BOS,7-day,D7,Injured 7-Day
809720,Damian Bravo,damian bravo,SF,7-day,D7,Injured 7-Day
701618,Damon Keith,damon keith,MIL,7-day,D7,Injured 7-Day
812944,Danandres Colon,danandres colon,DET,60-day,D60,Injured 60-Day
686769,Dane Acker,dane acker,TEX,60-day,D60,Injured 60-Day
837657,Daniel Burgos,daniel burgos,CIN,60-day,D60,Injured 60-Day
834568,Daniel De La Cruz,daniel de la cruz,TOR,7-day,D7,Injured 7-Day
681463,Daniel Lloyd,daniel lloyd,BAL,60-day,D60,Injured 60-Day
627392,Daniel Missaki,daniel missaki,TEX,full-season,ILF,Injured - Full Season
694037,Daniel Palencia,daniel palencia,CHC,15-day,D15,Injured 15-Day
828084,Daniel Pierce,daniel pierce,TB,60-day,D60,Injured 60-Day
642016,Daniel Robert,daniel robert,PHI,60-day,D60,Injured 60-Day
838102,Daniel Rodriguez,daniel rodriguez,SD,60-day,D60,Injured 60-Day
800493,Danny Hilario,danny hilario,TB,full-season,ILF,Injured - Full Season
643376,Danny Jansen,danny jansen,TEX,10-day,D10,Injured 10-Day
814460,Danny Kirwin,danny kirwin,BOS,7-day,D7,Injured 7-Day
809059,Danny Macchiarola,danny macchiarola,SEA,7-day,D7,Injured 7-Day
825487,Danny Martinez,danny martinez,TOR,7-day,D7,Injured 7-Day
815855,Darian Rivero,darian rivero,CHC,60-day,D60,Injured 60-Day
700800,Darien Smith,darien smith,SF,7-day,D7,Injured 7-Day
829771,Darling Perez,darling perez,NYM,60-day,D60,Injured 60-Day
829989,Darling Valencio,darling valencio,BAL,60-day,D60,Injured 60-Day
800391,Darlyn De Leon,darlyn de leon,CHC,7-day,D7,Injured 7-Day
821188,Darrel Lunar,darrel lunar,WSH,full-season,ILF,Injured - Full Season
835663,Darwin Roa,darwin roa,PIT,60-day,D60,Injured 60-Day
801270,Darwin Rodriguez,darwin rodriguez,MIA,full-season,ILF,Injured - Full Season
807485,Davian Garcia,davian garcia,WSH,full-season,ILF,Injured - Full Season
701581,David Festa,david festa,MIN,60-day,D60,Injured 60-Day
666152,David Hamilton,david hamilton,MIL,10-day,D10,Injured 10-Day
678173,David McCabe,david mccabe,ATL,7-day,D7,Injured 7-Day
688158,David Morgan,david morgan,SD,15-day,D15,Injured 15-Day
703330,David Rodriguez,david rodriguez,KC,7-day,D7,Injured 7-Day
701336,Davion Hickson,davion hickson,LAD,60-day,D60,Injured 60-Day
681571,Davis Sharpe,davis sharpe,CLE,60-day,D60,Injured 60-Day
828523,Dawson Price,dawson price,DET,full-season,ILF,Injured - Full Season
828076,Dax Kilby,dax kilby,NYY,7-day,D7,Injured 7-Day
826150,Dayne Pengelly,dayne pengelly,TOR,full-season,ILF,Injured - Full Season
686539,Declan Cronin,declan cronin,TEX,60-day,D60,Injured 60-Day
673380,Dedniel Núñez,dedniel nunez,NYM,60-day,D60,Injured 60-Day
829060,Deivid Coronil,deivid coronil,SD,60-day,D60,Injured 60-Day
808348,Denny Lima,denny lima,CWS,full-season,ILF,Injured - Full Season
833410,Denton Biller,denton biller,BAL,7-day,D7,Injured 7-Day
672016,Denzel Clarke,denzel clarke,ATH,60-day,D60,Injured 60-Day
837958,Deon Tusent,deon tusent,SD,60-day,D60,Injured 60-Day
827613,Derek Datil,derek datil,TB,full-season,ILF,Injured - Full Season
571882,Derek Law,derek law,AZ,60-day,D60,Injured 60-Day
689223,Derek True,derek true,HOU,7-day,D7,Injured 7-Day
805003,Derrick Smith,derrick smith,COL,full-season,ILF,Injured - Full Season
700345,Deyer Zapata,deyer zapata,AZ,full-season,ILF,Injured - Full Season
829806,Diego Godoy,diego godoy,MIA,full-season,ILF,Injured - Full Season
699305,Diego Mosquera,diego mosquera,NYM,7-day,D7,Injured 7-Day
829865,Diego Munoz,diego munoz,CIN,60-day,D60,Injured 60-Day
837835,Diego Paez,diego paez,LAD,60-day,D60,Injured 60-Day
837818,Diego Trillo,diego trillo,MIL,7-day,D7,Injured 7-Day
816403,Dilan Fernandez,dilan fernandez,SF,60-day,D60,Injured 60-Day
822183,Dilan Lopez,dilan lopez,COL,60-day,D60,Injured 60-Day
827665,Dillon Lewis,dillon lewis,MIA,7-day,D7,Injured 7-Day
829304,Diomar Hidalgo,diomar hidalgo,BOS,60-day,D60,Injured 60-Day
837802,Diony Brujan,diony brujan,KC,60-day,D60,Injured 60-Day
827285,Diwarys Encarnacion,diwarys encarnacion,MIA,60-day,D60,Injured 60-Day
806270,Dominic Perachi,dominic perachi,PIT,7-day,D7,Injured 7-Day
805255,Dominick Reid,dominick reid,CHC,7-day,D7,Injured 7-Day
825095,Drake George,drake george,SF,60-day,D60,Injured 60-Day
695046,Drew Brutcher,drew brutcher,HOU,7-day,D7,Injured 7-Day
694647,Drew Dowd,drew dowd,TB,full-season,ILF,Injured - Full Season
702656,Drew Faurot,drew faurot,MIA,full-season,ILF,Injured - Full Season
695645,Drew Gray,drew gray,CHC,60-day,D60,Injured 60-Day
686452,Drew Millas,drew millas,WSH,10-day,D10,Injured 10-Day
689672,Drew Thorpe,drew thorpe,CWS,60-day,D60,Injured 60-Day
804603,Duncan Pastore,duncan pastore,NYY,60-day,D60,Injured 60-Day
835481,Dylan Mathiesen,dylan mathiesen,PIT,60-day,D60,Injured 60-Day
687535,Dylan Simmons,dylan simmons,CIN,full-season,ILF,Injured - Full Season
827721,Dylan Tate,dylan tate,LAD,full-season,ILF,Injured - Full Season
700188,Dylan Tebrake,dylan tebrake,WSH,60-day,D60,Injured 60-Day
814346,Dylan Watts,dylan watts,TOR,7-day,D7,Injured 7-Day
815535,Eddie Rynders,eddie rynders,PIT,7-day,D7,Injured 7-Day
682796,Eddinson Paulino,eddinson paulino,NYM,7-day,D7,Injured 7-Day
803251,Eddy Felix,eddy felix,DET,60-day,D60,Injured 60-Day
821821,Edelvis Perez,edelvis perez,CLE,60-day,D60,Injured 60-Day
835890,Edgar Benitez,edgar benitez,BAL,7-day,D7,Injured 7-Day
813958,Edgar Colon,edgar colon,CIN,7-day,D7,Injured 7-Day
833480,Edgar Lugo,edgar lugo,CIN,60-day,D60,Injured 60-Day
807756,Edgar Moreta,edgar moreta,NYM,60-day,D60,Injured 60-Day
691341,Edgar Portes,edgar portes,BAL,60-day,D60,Injured 60-Day
673747,Edgar Sanchez,edgar sanchez,ATH,60-day,D60,Injured 60-Day
807995,Eduar Gonzalez,eduar gonzalez,TOR,full-season,ILF,Injured - Full Season
815924,Eduardo Beltre,eduardo beltre,MIN,full-season,ILF,Injured - Full Season
665795,Edward Cabrera,edward cabrera,CHC,15-day,D15,Injured 15-Day
815928,Edward Lantigua,edward lantigua,NYM,60-day,D60,Injured 60-Day
621242,Edwin Díaz,edwin diaz,LAD,60-day,D60,Injured 60-Day
829396,Edwin Pena,edwin pena,COL,60-day,D60,Injured 60-Day
670955,Edwin Uceta,edwin uceta,TB,60-day,D60,Injured 60-Day
690716,Eli Ankeney,eli ankeney,NYM,full-season,ILF,Injured - Full Season
801796,Eli Jones,eli jones,MIN,7-day,D7,Injured 7-Day
702501,Eli Serrano III,eli serrano iii,NYM,7-day,D7,Injured 7-Day
681871,Eli Villalobos,eli villalobos,SD,7-day,D7,Injured 7-Day
829732,Eliezer Lucena,eliezer lucena,MIN,60-day,D60,Injured 60-Day
820857,Eligio Arias,eligio arias,PHI,60-day,D60,Injured 60-Day
688145,Elijah Dale,elijah dale,SEA,60-day,D60,Injured 60-Day
809944,Elijah Hainline,elijah hainline,LAD,7-day,D7,Injured 7-Day
800433,Elis Cuevas,elis cuevas,BAL,7-day,D7,Injured 7-Day
693176,Elison Joseph,elison joseph,ATL,60-day,D60,Injured 60-Day
805983,Elvin Jimenez,elvin jimenez,MIA,full-season,ILF,Injured - Full Season
665625,Elvis Peguero,elvis peguero,BAL,full-season,ILF,Injured - Full Season
830478,Emilio Payro,emilio payro,HOU,60-day,D60,Injured 60-Day
800484,Eminen Flores,eminen flores,TOR,60-day,D60,Injured 60-Day
834801,Emmanuel Polo,emmanuel polo,SD,60-day,D60,Injured 60-Day
801207,Emmett Olson,emmett olson,MIA,60-day,D60,Injured 60-Day
831047,Ender Nunez,ender nunez,HOU,60-day,D60,Injured 60-Day
682848,Endy Rodríguez,endy rodriguez,PIT,10-day,D10,Injured 10-Day
808308,Enniel Cortez,enniel cortez,MIL,7-day,D7,Injured 7-Day
571771,Enrique Hernández,enrique hernandez,LAD,10-day,D10,Injured 10-Day
814546,Eriandys Ramon,eriandys ramon,CHC,60-day,D60,Injured 60-Day
832227,Eric Lin,eric lin,TB,full-season,ILF,Injured - Full Season
701539,Eric Torres,eric torres,BAL,full-season,ILF,Injured - Full Season
684081,Erick Brito,erick brito,PHI,7-day,D7,Injured 7-Day
837602,Erick Encarnacion,erick encarnacion,ATH,60-day,D60,Injured 60-Day
829913,Erick Hernandez,erick hernandez,CHC,60-day,D60,Injured 60-Day
808717,Erick Lara,erick lara,TB,60-day,D60,Injured 60-Day
625510,Erick Mejia,erick mejia,WSH,7-day,D7,Injured 7-Day
811291,Eriq Swan,eriq swan,WSH,7-day,D7,Injured 7-Day
807759,Estarling Mercado,estarling mercado,NYM,full-season,ILF,Injured - Full Season
829872,Esteban Castro,esteban castro,HOU,60-day,D60,Injured 60-Day
834575,Eston Stull,eston stull,MIN,60-day,D60,Injured 60-Day
803175,Ethan Anderson,ethan anderson,BAL,7-day,D7,Injured 7-Day
694839,Ethan Chenault,ethan chenault,PHI,full-season,ILF,Injured - Full Season
815787,Ethan Holliday,ethan holliday,COL,60-day,D60,Injured 60-Day
690994,Ethan Long,ethan long,SD,full-season,ILF,Injured - Full Season
681799,Ethan Roberts,ethan roberts,CHC,15-day,D15,Injured 15-Day
815162,Ethan Schiefelbein,ethan schiefelbein,DET,full-season,ILF,Injured - Full Season
825334,Ethan Wagner,ethan wagner,HOU,60-day,D60,Injured 60-Day
831273,Ethan Young,ethan young,STL,60-day,D60,Injured 60-Day
805122,Eudry Alcantara,eudry alcantara,CLE,7-day,D7,Injured 7-Day
809767,Evan Aschenbeck,evan aschenbeck,CHC,full-season,ILF,Injured - Full Season
687145,Evan Justice,evan justice,COL,7-day,D7,Injured 7-Day
679928,Evan McKendry,evan mckendry,MIA,60-day,D60,Injured 60-Day
681895,Evan Sisk,evan sisk,PIT,15-day,D15,Injured 15-Day
677592,Everson Pereira,everson pereira,CWS,7-day,D7,Injured 7-Day
820898,Fabian Soto,fabian soto,LAA,full-season,ILF,Injured - Full Season
835618,Fausto Barreras,fausto barreras,MIL,60-day,D60,Injured 60-Day
834248,Felipe Hernandez,felipe hernandez,NYY,60-day,D60,Injured 60-Day
678743,Felix Cepeda,felix cepeda,NYM,60-day,D60,Injured 60-Day
829885,Felix Tapia,felix tapia,LAA,full-season,ILF,Injured - Full Season
808699,Fernando De La Rosa,fernando de la rosa,MIA,60-day,D60,Injured 60-Day
692232,Fernando Gonzalez,fernando gonzalez,SF,7-day,D7,Injured 7-Day
685719,Fernando Sanchez,fernando sanchez,SD,60-day,D60,Injured 60-Day
806621,Francisco Perez,francisco perez,TEX,60-day,D60,Injured 60-Day
692284,Frank Elissalt,frank elissalt,STL,60-day,D60,Injured 60-Day
821094,Frankeli Mesta,frankeli mesta,PIT,7-day,D7,Injured 7-Day
800338,Franklin Gómez,franklin gomez,CLE,7-day,D7,Injured 7-Day
692845,Franklin Sanchez,franklin sanchez,MIA,7-day,D7,Injured 7-Day
800508,Franyerber Montilla,franyerber montilla,DET,full-season,ILF,Injured - Full Season
829891,Freddy Ramos,freddy ramos,HOU,60-day,D60,Injured 60-Day
703175,Freili Encarnacion,freili encarnacion,BOS,7-day,D7,Injured 7-Day
642585,Félix Bautista,felix bautista,BAL,60-day,D60,Injured 60-Day
656620,Gabe Klobosits,gabe klobosits,CHC,7-day,D7,Injured 7-Day
694784,Gabe Starks,gabe starks,CIN,full-season,ILF,Injured - Full Season
834872,Gabel Pentecost,gabel pentecost,HOU,7-day,D7,Injured 7-Day
832400,Gabriel Brito,gabriel brito,TOR,60-day,D60,Injured 60-Day
836565,Gabriel Ollarves,gabriel ollarves,SD,full-season,ILF,Injured - Full Season
694050,Gabriel Reyes,gabriel reyes,DET,60-day,D60,Injured 60-Day
827449,Gabriel Rivero,gabriel rivero,HOU,60-day,D60,Injured 60-Day
814515,Gage Boehm,gage boehm,SEA,full-season,ILF,Injured - Full Season
670183,Garrett Acton,garrett acton,MIN,60-day,D60,Injured 60-Day
696148,Garrett Burhenn,garrett burhenn,DET,full-season,ILF,Injured - Full Season
676979,Garrett Crochet,garrett crochet,BOS,60-day,D60,Injured 60-Day
641658,Garrett Hampson,garrett hampson,CIN,7-day,D7,Injured 7-Day
701718,Garrett Horn,garrett horn,MIN,7-day,D7,Injured 7-Day
682003,Garrett Martin,garrett martin,NYY,7-day,D7,Injured 7-Day
804582,Garrett McMillan,garrett mcmillan,PIT,60-day,D60,Injured 60-Day
696491,Gavin Bruni,gavin bruni,WSH,7-day,D7,Injured 7-Day
666158,Gavin Lux,gavin lux,TB,60-day,D60,Injured 60-Day
694813,Gavin Stone,gavin stone,LAD,60-day,D60,Injured 60-Day
830979,Georwill Rodriguez,georwill rodriguez,NYM,60-day,D60,Injured 60-Day
690455,German Fajardo,german fajardo,SEA,full-season,ILF,Injured - Full Season
519317,Giancarlo Stanton,giancarlo stanton,NYY,10-day,D10,Injured 10-Day
806923,Gijs Van Den Brink,gijs van den brink,KC,60-day,D60,Injured 60-Day
821064,Gilbel Galvan,gilbel galvan,BOS,60-day,D60,Injured 60-Day
829724,Giomar Ubiera,giomar ubiera,NYM,60-day,D60,Injured 60-Day
692755,Grabiel Salazar,grabiel salazar,BAL,full-season,ILF,Injured - Full Season
668933,Graham Ashcraft,graham ashcraft,CIN,60-day,D60,Injured 60-Day
828336,Grant Burleson,grant burleson,HOU,60-day,D60,Injured 60-Day
694840,Grant Knipp,grant knipp,SEA,7-day,D7,Injured 7-Day
808911,Grant Richardson,grant richardson,ATH,7-day,D7,Injured 7-Day
824415,Grant Shepardson,grant shepardson,MIA,60-day,D60,Injured 60-Day
816287,Gregori Arrieche,gregori arrieche,SEA,60-day,D60,Injured 60-Day
821606,Gregory Amarante,gregory amarante,DET,60-day,D60,Injured 60-Day
821146,Greyson Gimenez,greyson gimenez,WSH,60-day,D60,Injured 60-Day
702976,Griffin Hugus,griffin hugus,SEA,full-season,ILF,Injured - Full Season
827437,Griffin Tobias,griffin tobias,MIL,full-season,ILF,Injured - Full Season
680684,Gunnar Hoglund,gunnar hoglund,ATH,60-day,D60,Injured 60-Day
673490,Ha-Seong Kim,ha-seong kim,ATL,10-day,D10,Injured 10-Day
822287,Hamlet Santos,hamlet santos,PIT,7-day,D7,Injured 7-Day
829061,Haritzon Castillo,haritzon castillo,MIN,60-day,D60,Injured 60-Day
825247,Harlin Naut,harlin naut,BAL,full-season,ILF,Injured - Full Season
808339,Harold Gonzalez,harold gonzalez,LAD,60-day,D60,Injured 60-Day
664056,Harrison Bader,harrison bader,SF,10-day,D10,Injured 10-Day
806185,Hayden Birdsong,hayden birdsong,SF,60-day,D60,Injured 60-Day
833426,Hayden Jatczak,hayden jatczak,SF,7-day,D7,Injured 7-Day
702259,Hayden Murphy,hayden murphy,AZ,60-day,D60,Injured 60-Day
805988,Hayden Nierman,hayden nierman,BAL,full-season,ILF,Injured - Full Season
688274,Hayden Seig,hayden seig,LAA,60-day,D60,Injured 60-Day
669713,Hayden Wesneski,hayden wesneski,HOU,60-day,D60,Injured 60-Day
676883,Hayden Wynja,hayden wynja,SF,60-day,D60,Injured 60-Day
838515,Hector Cancio,hector cancio,NYY,60-day,D60,Injured 60-Day
816091,Henderson Salas,henderson salas,DET,60-day,D60,Injured 60-Day
804995,Henry Godbout,henry godbout,BOS,60-day,D60,Injured 60-Day
808889,Henry Moreno,henry moreno,WSH,60-day,D60,Injured 60-Day
800490,Henry Tejada,henry tejada,BAL,60-day,D60,Injured 60-Day
829695,Hernan Mejia,hernan mejia,WSH,60-day,D60,Injured 60-Day
702965,Hiro Wyatt,hiro wyatt,KC,60-day,D60,Injured 60-Day
571948,Hoby Milner,hoby milner,CHC,15-day,D15,Injured 15-Day
804546,Hoss Brewer,hoss brewer,NYM,7-day,D7,Injured 7-Day
680893,Hueston Morrill,hueston morrill,NYY,60-day,D60,Injured 60-Day
829622,Hunter Allen,hunter allen,BAL,full-season,ILF,Injured - Full Season
675450,Hunter Cranton,hunter cranton,AZ,60-day,D60,Injured 60-Day
695345,Hunter Furtado,hunter furtado,PIT,60-day,D60,Injured 60-Day
640451,Hunter Harvey,hunter harvey,CHC,60-day,D60,Injured 60-Day
804592,Hunter Hoopes,hunter hoopes,MIN,60-day,D60,Injured 60-Day
678016,Ian Bedell,ian bedell,STL,7-day,D7,Injured 7-Day
800308,Inmer Lobo,inmer lobo,PIT,7-day,D7,Injured 7-Day
691774,Irv Carter,irv carter,TOR,7-day,D7,Injured 7-Day
806522,Irving Cota,irving cota,NYM,60-day,D60,Injured 60-Day
806190,Isaac Coffey,isaac coffey,BOS,60-day,D60,Injured 60-Day
809138,Isaac Stebens,isaac stebens,BOS,full-season,ILF,Injured - Full Season
806061,Isaiah Drake,isaiah drake,ATL,7-day,D7,Injured 7-Day
694722,Isaiah Jackson,isaiah jackson,KC,60-day,D60,Injured 60-Day
692854,Isaias Uribe,isaias uribe,PIT,60-day,D60,Injured 60-Day
643396,Isiah Kiner-Falefa,isiah kiner-falefa,BOS,10-day,D10,Injured 10-Day
838656,Israel Alfonse,israel alfonse,SF,60-day,D60,Injured 60-Day
691789,Izaac Pacheco,izaac pacheco,DET,7-day,D7,Injured 7-Day
828504,Iziah Salinas,iziah salinas,BAL,60-day,D60,Injured 60-Day
656266,J.B. Bukauskas,jb bukauskas,MIL,7-day,D7,Injured 7-Day
702505,J.D. Thompson,jd thompson,MIL,7-day,D7,Injured 7-Day
822477,JB Middleton,jb middleton,COL,full-season,ILF,Injured - Full Season
690957,Jace Bohrofen,jace bohrofen,TOR,60-day,D60,Injured 60-Day
827392,Jace Hampson,jace hampson,NYM,full-season,ILF,Injured - Full Season
700978,Jace Kaminska,jace kaminska,MIN,full-season,ILF,Injured - Full Season
699491,Jack Dougherty,jack dougherty,MIN,full-season,ILF,Injured - Full Season
689713,Jack Hartman,jack hartman,TB,full-season,ILF,Injured - Full Season
828774,Jack Hostetler,jack hostetler,MIL,60-day,D60,Injured 60-Day
686799,Jack Kochanowicz,jack kochanowicz,LAA,60-day,D60,Injured 60-Day
683004,Jack Leiter,jack leiter,TEX,15-day,D15,Injured 15-Day
680823,Jack Mahoney,jack mahoney,ATH,7-day,D7,Injured 7-Day
680891,Jack Neely,jack neely,CHC,full-season,ILF,Injured - Full Season
802599,Jack Penney,jack penney,DET,full-season,ILF,Injured - Full Season
815096,Jackson Appel,jackson appel,CWS,60-day,D60,Injured 60-Day
687714,Jackson Cluff,jackson cluff,NYM,7-day,D7,Injured 7-Day
690977,Jackson Fristoe,jackson fristoe,NYY,7-day,D7,Injured 7-Day
695549,Jackson Jobe,jackson jobe,DET,60-day,D60,Injured 60-Day
663804,Jackson Kowar,jackson kowar,BAL,full-season,ILF,Injured - Full Season
694461,Jackson Smeltz,jackson smeltz,SD,60-day,D60,Injured 60-Day
676070,Jacob Amaya,jacob amaya,AZ,60-day,D60,Injured 60-Day
693527,Jacob Denner,jacob denner,SEA,full-season,ILF,Injured - Full Season
702544,Jacob Reimer,jacob reimer,NYM,7-day,D7,Injured 7-Day
825757,Jacob Remily,jacob remily,CLE,60-day,D60,Injured 60-Day
802138,Jacob Watters,jacob watters,TB,60-day,D60,Injured 60-Day
811290,Jaden Hamm,jaden hamm,DET,60-day,D60,Injured 60-Day
677955,Jaden Hill,jaden hill,COL,15-day,D15,Injured 15-Day
802243,Jaiker Garcia,jaiker garcia,PIT,7-day,D7,Injured 7-Day
701361,Jake Clemente,jake clemente,MIA,7-day,D7,Injured 7-Day
664776,Jake Cousins,jake cousins,LAD,60-day,D60,Injured 60-Day
801413,Jake Fitzgibbons,jake fitzgibbons,AZ,full-season,ILF,Injured - Full Season
695780,Jake Fox,jake fox,CLE,7-day,D7,Injured 7-Day
641584,Jake Fraley,jake fraley,TB,10-day,D10,Injured 10-Day
804113,Jake Hunter,jake hunter,MIN,60-day,D60,Injured 60-Day
663623,Jake Irvin,jake irvin,WSH,60-day,D60,Injured 60-Day
810830,Jake Knapp,jake knapp,CHC,60-day,D60,Injured 60-Day
802409,Jake Madden,jake madden,COL,60-day,D60,Injured 60-Day
696160,Jake Rucker,jake rucker,MIN,7-day,D7,Injured 7-Day
835657,Jake Shelagowski,jake shelagowski,STL,7-day,D7,Injured 7-Day
656222,Jalen Beeks,jalen beeks,TEX,10-day,D10,Injured 10-Day
815003,Jalvin Arias,jalvin arias,PHI,60-day,D60,Injured 60-Day
806067,James Ellwanger,james ellwanger,MIN,full-season,ILF,Injured - Full Season
663704,James McArthur,james mcarthur,KC,60-day,D60,Injured 60-Day
833397,James Quinn-Irons,james quinn-irons,TB,60-day,D60,Injured 60-Day
689042,Jared Karros,jared karros,LAD,60-day,D60,Injured 60-Day
801358,Jared Spencer,jared spencer,TOR,60-day,D60,Injured 60-Day
703186,Jarlin Susana,jarlin susana,WSH,60-day,D60,Injured 60-Day
663681,Jarod Bayless,jarod bayless,PIT,7-day,D7,Injured 7-Day
820955,Jaset Martinez,jaset martinez,CIN,60-day,D60,Injured 60-Day
592094,Jason Adam,jason adam,SD,15-day,D15,Injured 15-Day
827753,Jason Alvarez,jason alvarez,TEX,60-day,D60,Injured 60-Day
822503,Jason Doktorczyk,jason doktorczyk,MIN,60-day,D60,Injured 60-Day
805834,Javi Vaz,javi vaz,KC,60-day,D60,Injured 60-Day
595879,Javier Báez,javier baez,DET,60-day,D60,Injured 60-Day
829907,Javier Rodriguez,javier rodriguez,LAA,full-season,ILF,Injured - Full Season
680890,Jax Biggers,jax biggers,HOU,7-day,D7,Injured 7-Day
826941,Jaxon Dalena,jaxon dalena,SD,60-day,D60,Injured 60-Day
696276,Jay Woolfolk,jay woolfolk,ATL,full-season,ILF,Injured - Full Season
814511,Jaylen Paden,jaylen paden,ATL,7-day,D7,Injured 7-Day
682144,Jayvien Sandridge,jayvien sandridge,BAL,7-day,D7,Injured 7-Day
837737,Jean Nino,jean nino,COL,60-day,D60,Injured 60-Day
676105,Jeff Criswell,jeff criswell,COL,15-day,D15,Injured 15-Day
669093,Jeremiah Estrada,jeremiah estrada,SD,15-day,D15,Injured 15-Day
828702,Jeremy Cano,jeremy cano,DET,60-day,D60,Injured 60-Day
808512,Jeremy Reyes,jeremy reyes,ATL,60-day,D60,Injured 60-Day
700784,Jeron Williams,jeron williams,HOU,7-day,D7,Injured 7-Day
701747,Jessada Brown,jessada brown,MIA,60-day,D60,Injured 60-Day
669947,Jesse Scholtens,jesse scholtens,TB,15-day,D15,Injured 15-Day
808222,Jesus Flores,jesus flores,MIL,60-day,D60,Injured 60-Day
694188,Jesus Galiz,jesus galiz,LAD,full-season,ILF,Injured - Full Season
834973,Jesus Gomez,jesus gomez,MIN,60-day,D60,Injured 60-Day
805052,Jesus Lopez,jesus lopez,TEX,60-day,D60,Injured 60-Day
703880,Jesus Martinez,jesus martinez,LAA,60-day,D60,Injured 60-Day
828435,Jesus Montiel,jesus montiel,PHI,60-day,D60,Injured 60-Day
808313,Jesus Tillero,jesus tillero,LAD,7-day,D7,Injured 7-Day
622786,Jesus Tinoco,jesus tinoco,MIA,full-season,ILF,Injured - Full Season
821174,Jesus Travieso,jesus travieso,PIT,60-day,D60,Injured 60-Day
660821,Jesús Sánchez,jesus sanchez,TOR,10-day,D10,Injured 10-Day
837672,Jhoener Tovar,jhoener tovar,PHI,60-day,D60,Injured 60-Day
829974,Jhonger Ochoa,jhonger ochoa,DET,full-season,ILF,Injured - Full Season
678877,Jhonkensy Noel,jhonkensy noel,BAL,7-day,D7,Injured 7-Day
840851,Jhordy Ciriaco,jhordy ciriaco,MIN,60-day,D60,Injured 60-Day
837849,Jhostin Berroa,jhostin berroa,BAL,7-day,D7,Injured 7-Day
702460,Jimmy Joyce,jimmy joyce,SEA,60-day,D60,Injured 60-Day
687616,Jimmy Obertop,jimmy obertop,COL,7-day,D7,Injured 7-Day
695740,Jimmy Romano,jimmy romano,CIN,7-day,D7,Injured 7-Day
826142,JoJo Jackson,jojo jackson,NYY,60-day,D60,Injured 60-Day
668941,JoJo Romero,jojo romero,STL,15-day,D15,Injured 15-Day
680933,Joander Suarez,joander suarez,NYM,full-season,ILF,Injured - Full Season
641729,Joe Jiménez,joe jimenez,ATL,60-day,D60,Injured 60-Day
573009,Joe Mantiply,joe mantiply,TOR,60-day,D60,Injured 60-Day
605397,Joe Musgrove,joe musgrove,SD,60-day,D60,Injured 60-Day
809898,Joe Ruzicka,joe ruzicka,DET,7-day,D7,Injured 7-Day
694838,Joe Vetrano,joe vetrano,LAD,7-day,D7,Injured 7-Day
807819,Joel Garcia,joel garcia,MIN,7-day,D7,Injured 7-Day
837627,Joel Gonzalez,joel gonzalez,SD,60-day,D60,Injured 60-Day
669270,Joel Kuhnel,joel kuhnel,MIL,15-day,D15,Injured 15-Day
666711,Joel Peguero,joel peguero,SF,60-day,D60,Injured 60-Day
811275,Joel Sarver,joel sarver,AZ,60-day,D60,Injured 60-Day
690972,Joey Dixon,joey dixon,HOU,60-day,D60,Injured 60-Day
815841,Joey Oakie,joey oakie,CLE,7-day,D7,Injured 7-Day
666214,Joey Wentz,joey wentz,ATL,60-day,D60,Injured 60-Day
825633,Johan Calcano,johan calcano,AZ,60-day,D60,Injured 60-Day
670912,Johan Oviedo,johan oviedo,BOS,60-day,D60,Injured 60-Day
679032,Johan Rojas,johan rojas,PHI,60-day,D60,Injured 60-Day
829282,Johandry Ramirez,johandry ramirez,MIL,60-day,D60,Injured 60-Day
703190,Johanfran Garcia,johanfran garcia,BOS,7-day,D7,Injured 7-Day
667463,John King,john king,MIA,15-day,D15,Injured 15-Day
607644,John Means,john means,KC,60-day,D60,Injured 60-Day
802609,John Michael Bertrand,john michael bertrand,SF,7-day,D7,Injured 7-Day
807726,John Peck,john peck,DET,7-day,D7,Injured 7-Day
680701,John Rooney,john rooney,TB,7-day,D7,Injured 7-Day
701811,John Spikerman,john spikerman,PHI,7-day,D7,Injured 7-Day
816257,Jommy Hernandez,jommy hernandez,CWS,60-day,D60,Injured 60-Day
806048,Jonah Conradt,jonah conradt,WSH,full-season,ILF,Injured - Full Season
813841,Jonah Cox,jonah cox,SF,10-day,D10,Injured 10-Day
837179,Jonathan Durantt,jonathan durantt,ATH,60-day,D60,Injured 60-Day
822499,Jonathan Gonzalez,jonathan gonzalez,PHI,60-day,D60,Injured 60-Day
669169,Jonathan Heasley,jonathan heasley,TB,60-day,D60,Injured 60-Day
834738,Jonathan Hechavarria,jonathan hechavarria,ATL,60-day,D60,Injured 60-Day
663697,Jonathan India,jonathan india,KC,60-day,D60,Injured 60-Day
695570,Jonathan Vastine,jonathan vastine,SD,7-day,D7,Injured 7-Day
692169,Jonny McGill,jonny mcgill,LAA,7-day,D7,Injured 7-Day
691783,Jordan Lawlar,jordan lawlar,AZ,10-day,D10,Injured 10-Day
673929,Jordan Leasure,jordan leasure,CWS,60-day,D60,Injured 60-Day
656756,Jordan Montgomery,jordan montgomery,TEX,60-day,D60,Injured 60-Day
837609,Jordan Perez,jordan perez,SD,60-day,D60,Injured 60-Day
688394,Jordan Sprinkle,jordan sprinkle,CWS,7-day,D7,Injured 7-Day
676059,Jordan Westburg,jordan westburg,BAL,60-day,D60,Injured 60-Day
808720,Jordany Chirinos,jordany chirinos,CWS,full-season,ILF,Injured - Full Season
837946,Jordany Del Orbe,jordany del orbe,SD,60-day,D60,Injured 60-Day
660896,Jorge Alcala,jorge alcala,TOR,7-day,D7,Injured 7-Day
700305,Jorge De Leon,jorge de leon,NYM,60-day,D60,Injured 60-Day
830006,Jorge Drullard,jorge drullard,BAL,7-day,D7,Injured 7-Day
832062,Jorge Miranda,jorge miranda,PHI,60-day,D60,Injured 60-Day
800195,Jorgelys Mota,jorgelys mota,WSH,7-day,D7,Injured 7-Day
800423,Jorger Petri,jorger petri,DET,full-season,ILF,Injured - Full Season
821193,Josdanner Suarez,josdanner suarez,AZ,full-season,ILF,Injured - Full Season
800434,Jose Alpuria,jose alpuria,AZ,7-day,D7,Injured 7-Day
829418,Jose Alvarado,jose alvarado,TEX,60-day,D60,Injured 60-Day
840339,Jose Alvarez,jose alvarez,TOR,7-day,D7,Injured 7-Day
822246,Jose Briceno,jose briceno,PHI,7-day,D7,Injured 7-Day
683569,Jose Colmenares,jose colmenares,CWS,7-day,D7,Injured 7-Day
837980,Jose Cordova,jose cordova,TEX,full-season,ILF,Injured - Full Season
831981,Jose De La Rosa,jose de la rosa,SF,60-day,D60,Injured 60-Day
808243,Jose Feliz,jose feliz,WSH,60-day,D60,Injured 60-Day
829258,Jose Gabriel Torres,jose gabriel torres,SEA,7-day,D7,Injured 7-Day
816397,Jose Guevara,jose guevara,NYM,7-day,D7,Injured 7-Day
832717,Jose Lavagnino,jose lavagnino,NYY,60-day,D60,Injured 60-Day
836593,Jose Luis Acevedo,jose luis acevedo,BAL,7-day,D7,Injured 7-Day
699276,Jose Olivares,jose olivares,MIN,7-day,D7,Injured 7-Day
823886,Jose Ortega,jose ortega,SD,60-day,D60,Injured 60-Day
806176,Jose Ortiz,jose ortiz,SF,60-day,D60,Injured 60-Day
700247,Jose Pena Jr.,jose pena jr,PHI,7-day,D7,Injured 7-Day
815899,Jose Perdomo,jose perdomo,ATL,full-season,ILF,Injured - Full Season
500779,Jose Quintana,jose quintana,COL,60-day,D60,Injured 60-Day
814219,Jose Regalado,jose regalado,PIT,full-season,ILF,Injured - Full Season
670351,Jose Rojas,jose rojas,NYM,60-day,D60,Injured 60-Day
835617,Jose Taveras,jose taveras,LAD,7-day,D7,Injured 7-Day
702477,Joseph Montalvo,joseph montalvo,DET,60-day,D60,Injured 60-Day
701241,Josh Bostick,josh bostick,SF,60-day,D60,Injured 60-Day
694795,Josh Ekness,josh ekness,MIA,60-day,D60,Injured 60-Day
700985,Josh Hansell,josh hansell,KC,7-day,D7,Injured 7-Day
807256,Josh Springer,josh springer,TEX,7-day,D7,Injured 7-Day
803024,Josh Timmerman,josh timmerman,MIL,60-day,D60,Injured 60-Day
670174,Josh Winckowski,josh winckowski,TOR,60-day,D60,Injured 60-Day
681739,Joshua Cornielly,joshua cornielly,NYM,full-season,ILF,Injured - Full Season
834237,Joshua Flores,joshua flores,MIL,full-season,ILF,Injured - Full Season
808162,Joshua Liranzo,joshua liranzo,BAL,7-day,D7,Injured 7-Day
680686,Josiah Gray,josiah gray,WSH,60-day,D60,Injured 60-Day
621244,José Berríos,jose berrios,TOR,60-day,D60,Injured 60-Day
676130,José Buttó,jose butto,SF,60-day,D60,Injured 60-Day
821078,José Castro,jose castro,MIA,full-season,ILF,Injured - Full Season
600917,José Leclerc,jose leclerc,SD,60-day,D60,Injured 60-Day
665896,José Marte,jose marte,NYM,full-season,ILF,Injured - Full Season
829072,José Peña,jose pena,BAL,60-day,D60,Injured 60-Day
608070,José Ramírez,jose ramirez,CLE,10-day,D10,Injured 10-Day
800243,Jovi Gálvez,jovi galvez,STL,7-day,D7,Injured 7-Day
805694,Juan Bello,juan bello,HOU,60-day,D60,Injured 60-Day
814813,Juan Duran,juan duran,BAL,60-day,D60,Injured 60-Day
823859,Juan Jimenez,juan jimenez,SEA,60-day,D60,Injured 60-Day
836435,Juan Marquez,juan marquez,MIN,60-day,D60,Injured 60-Day
805400,Juan Nunez,juan nunez,HOU,60-day,D60,Injured 60-Day
693725,Juan Nuñez,juan nunez,BAL,60-day,D60,Injured 60-Day
699697,Juan Pinto,juan pinto,SEA,60-day,D60,Injured 60-Day
803424,Juan Sanchez,juan sanchez,ATL,60-day,D60,Injured 60-Day
813536,Juan Valera,juan valera,BOS,full-season,ILF,Injured - Full Season
657240,Julian Merryweather,julian merryweather,MIN,7-day,D7,Injured 7-Day
802486,Julian Tonghini,julian tonghini,WSH,7-day,D7,Injured 7-Day
807398,Julio  Marte,julio marte,HOU,60-day,D60,Injured 60-Day
835889,Julio Chivilli,julio chivilli,WSH,full-season,ILF,Injured - Full Season
695946,Junior Flores,junior flores,PIT,full-season,ILF,Injured - Full Season
683235,Justin Campbell,justin campbell,CLE,7-day,D7,Injured 7-Day
663795,Justin Hagenman,justin hagenman,NYM,60-day,D60,Injured 60-Day
703610,Justin Lamkin,justin lamkin,KC,60-day,D60,Injured 60-Day
679885,Justin Martinez,justin martinez,AZ,60-day,D60,Injured 60-Day
657006,Justin Steele,justin steele,CHC,60-day,D60,Injured 60-Day
686993,Justin Sterner,justin sterner,ATH,15-day,D15,Injured 15-Day
434378,Justin Verlander,justin verlander,DET,60-day,D60,Injured 60-Day
669234,Justyn-Henry Malloy,justyn-henry malloy,TB,7-day,D7,Injured 7-Day
824616,KK Clark,kk clark,BAL,60-day,D60,Injured 60-Day
809763,Kaeden Kent,kaeden kent,NYY,7-day,D7,Injured 7-Day
701785,Kaelen Culpepper,kaelen culpepper,MIN,7-day,D7,Injured 7-Day
806262,Kaiden Wilson,kaiden wilson,MIA,full-season,ILF,Injured - Full Season
806495,Kale Fountain,kale fountain,SD,full-season,ILF,Injured - Full Season
832453,Kaleb Wing,kaleb wing,CHC,7-day,D7,Injured 7-Day
804854,Kameron Douglas,kameron douglas,DET,60-day,D60,Injured 60-Day
695704,Karson Ligon,karson ligon,TOR,7-day,D7,Injured 7-Day
669211,Keegan Akin,keegan akin,BAL,60-day,D60,Injured 60-Day
808323,Keeler Morfe,keeler morfe,BAL,60-day,D60,Injured 60-Day
808383,Kelvis Salcedo,kelvis salcedo,DET,7-day,D7,Injured 7-Day
686610,Ken Waldichuk,ken waldichuk,WSH,60-day,D60,Injured 60-Day
808111,Kendal Meza,kendal meza,SEA,60-day,D60,Injured 60-Day
808246,Keuri Almonte,keuri almonte,PIT,full-season,ILF,Injured - Full Season
814268,Kevin Camacho,kevin camacho,CHC,60-day,D60,Injured 60-Day
829074,Kevin Defrank,kevin defrank,MIA,60-day,D60,Injured 60-Day
643361,Kevin Herget,kevin herget,NYM,60-day,D60,Injured 60-Day
691183,Kevin Made,kevin made,WSH,60-day,D60,Injured 60-Day
621028,Kevin Newman,kevin newman,KC,7-day,D7,Injured 7-Day
825100,Kevin Warunek,kevin warunek,PHI,7-day,D7,Injured 7-Day
808547,Keyner Benitez,keyner benitez,MIA,60-day,D60,Injured 60-Day
701590,Khal Stephen,khal stephen,CLE,60-day,D60,Injured 60-Day
811296,Kiefer Lord,kiefer lord,BAL,7-day,D7,Injured 7-Day
804694,Kleyderve Andrade,kleyderve andrade,PHI,60-day,D60,Injured 60-Day
676831,Kodi Whitley,kodi whitley,TB,7-day,D7,Injured 7-Day
806641,Kolton Curtis,kolton curtis,TEX,full-season,ILF,Injured - Full Season
804606,Konnor Griffin,konnor griffin,PIT,60-day,D60,Injured 60-Day
592178,Kris Bryant,kris bryant,COL,60-day,D60,Injured 60-Day
663460,Kris Bubic,kris bubic,KC,60-day,D60,Injured 60-Day
676710,Kutter Crawford,kutter crawford,BOS,60-day,D60,Injured 60-Day
681066,Ky Bush,ky bush,CWS,60-day,D60,Injured 60-Day
694900,Kyle Amendt,kyle amendt,AZ,full-season,ILF,Injured - Full Season
690986,Kyle Harrison,kyle harrison,MIL,15-day,D15,Injured 15-Day
664728,Kyle Isbel,kyle isbel,KC,10-day,D10,Injured 10-Day
664918,Kyle Keller,kyle keller,BOS,7-day,D7,Injured 7-Day
815066,Kyle Scott,kyle scott,CLE,60-day,D60,Injured 60-Day
820837,Kyler Carmack,kyler carmack,PHI,60-day,D60,Injured 60-Day
804542,Landon Harper,landon harper,ATL,full-season,ILF,Injured - Full Season
695465,Larson Kindreich,larson kindreich,TEX,full-season,ILF,Injured - Full Season
672820,Lenyn Sosa,lenyn sosa,TOR,10-day,D10,Injured 10-Day
696083,Leonel Espinoza,leonel espinoza,CHC,7-day,D7,Injured 7-Day
840010,Leonil De Leon,leonil de leon,STL,60-day,D60,Injured 60-Day
682119,Levi Jordan,levi jordan,WSH,60-day,D60,Injured 60-Day
686651,Levi Stoudt,levi stoudt,PHI,7-day,D7,Injured 7-Day
694370,Levi Wells,levi wells,BAL,7-day,D7,Injured 7-Day
830009,Lisandro Sanchez,lisandro sanchez,BAL,7-day,D7,Injured 7-Day
692371,Lizandro Espinoza,lizandro espinoza,ATL,7-day,D7,Injured 7-Day
688138,Logan Evans,logan evans,SEA,60-day,D60,Injured 60-Day
702583,Logan Lunceford,logan lunceford,LAD,60-day,D60,Injured 60-Day
800741,Logan Maxwell,logan maxwell,NYY,7-day,D7,Injured 7-Day
805841,Logan Tabeling,logan tabeling,LAD,full-season,ILF,Injured - Full Season
681315,Logan Whitaker,logan whitaker,MIA,7-day,D7,Injured 7-Day
642152,Lou Trivino III,lou trivino iii,PHI,15-day,D15,Injured 15-Day
666971,Lourdes Gurriel Jr.,lourdes gurriel jr,AZ,10-day,D10,Injured 10-Day
608337,Lucas Giolito,lucas giolito,SD,15-day,D15,Injured 15-Day
806948,Luis Aguilar,luis aguilar,HOU,full-season,ILF,Injured - Full Season
821011,Luis Andujar,luis andujar,BAL,60-day,D60,Injured 60-Day
815135,Luis Castillo,luis castillo,DET,60-day,D60,Injured 60-Day
825410,Luis Centeno,luis centeno,COL,60-day,D60,Injured 60-Day
821818,Luis Corobo,luis corobo,MIL,7-day,D7,Injured 7-Day
825411,Luis Cruz,luis cruz,PIT,7-day,D7,Injured 7-Day
677651,Luis Garcia,luis garcia,NYY,full-season,ILF,Injured - Full Season
692294,Luis Gutierrez,luis gutierrez,SD,60-day,D60,Injured 60-Day
838565,Luis Martinez,luis martinez,MIN,60-day,D60,Injured 60-Day
687879,Luis Quiñones,luis quinones,MIN,60-day,D60,Injured 60-Day
687328,Luis Ramirez,luis ramirez,TEX,60-day,D60,Injured 60-Day
802092,Luis Ramirez,luis ramirez,MIA,7-day,D7,Injured 7-Day
807001,Luis Reyes,luis reyes,CWS,full-season,ILF,Injured - Full Season
837656,Luis Ricart,luis ricart,LAD,60-day,D60,Injured 60-Day
622663,Luis Severino,luis severino,ATH,60-day,D60,Injured 60-Day
693783,Luis Sánchez,luis sanchez,BAL,60-day,D60,Injured 60-Day
800187,Luis Torres,luis torres,TOR,full-season,ILF,Injured - Full Season
830153,Luke Broderick,luke broderick,COL,60-day,D60,Injured 60-Day
701592,Luke Davis,luke davis,PHI,7-day,D7,Injured 7-Day
803183,Luke Fox,luke fox,LAD,60-day,D60,Injured 60-Day
702619,Luke Hill,luke hill,CLE,7-day,D7,Injured 7-Day
835400,Luke House,luke house,CLE,60-day,D60,Injured 60-Day
695609,Luke Jewett,luke jewett,COL,60-day,D60,Injured 60-Day
828518,Luke Lashutka,luke lashutka,MIA,7-day,D7,Injured 7-Day
820827,Luke Sinnard,luke sinnard,ATL,7-day,D7,Injured 7-Day
806121,Mac Heuer,mac heuer,NYY,full-season,ILF,Injured - Full Season
821052,Madinson Frias,madinson frias,BOS,60-day,D60,Injured 60-Day
701884,Magnus Ellerts,magnus ellerts,CLE,7-day,D7,Injured 7-Day
691408,Maick Collado,maick collado,CLE,7-day,D7,Injured 7-Day
672580,Maikel Garcia,maikel garcia,KC,10-day,D10,Injured 10-Day
821097,Maikel Rodriguez,maikel rodriguez,MIA,60-day,D60,Injured 60-Day
701195,Manuel Castro,manuel castro,SD,60-day,D60,Injured 60-Day
655889,Manuel Rodríguez,manuel rodriguez,TB,60-day,D60,Injured 60-Day
835387,Marbin Lezcano,marbin lezcano,TB,full-season,ILF,Injured - Full Season
830477,Marcelino Theodore,marcelino theodore,TOR,7-day,D7,Injured 7-Day
691785,Marcelo Mayer,marcelo mayer,BOS,10-day,D10,Injured 10-Day
694397,Marco Raya,marco raya,MIN,15-day,D15,Injured 15-Day
821605,Marcos Pol,marcos pol,ATL,full-season,ILF,Injured - Full Season
687189,Marcus Johnson,marcus johnson,TB,60-day,D60,Injured 60-Day
807814,Mariano Salomon,mariano salomon,NYY,full-season,ILF,Injured - Full Season
683336,Mario Zabala,mario zabala,SD,60-day,D60,Injured 60-Day
686672,Mark Adamiak,mark adamiak,ATH,60-day,D60,Injured 60-Day
656627,Mark Kolozsvary,mark kolozsvary,PHI,60-day,D60,Injured 60-Day
668901,Mark Vientos,mark vientos,NYM,10-day,D10,Injured 10-Day
828319,Marshall Toole,marshall toole,TB,60-day,D60,Injured 60-Day
527048,Martín Pérez,martin perez,ATL,15-day,D15,Injured 15-Day
800421,Marvin Alcantara,marvin alcantara,BOS,7-day,D7,Injured 7-Day
695476,Mason Albright,mason albright,COL,full-season,ILF,Injured - Full Season
826314,Mason Burns,mason burns,STL,full-season,ILF,Injured - Full Season
680451,Mason Erla,mason erla,LAA,60-day,D60,Injured 60-Day
809860,Mason Lytle,mason lytle,HOU,60-day,D60,Injured 60-Day
823115,Mason Moore,mason moore,CWS,60-day,D60,Injured 60-Day
823852,Mathias Sato,mathias sato,SEA,60-day,D60,Injured 60-Day
666374,Matt Brash,matt brash,SEA,15-day,D15,Injured 15-Day
683764,Matt Canterino,matt canterino,MIN,60-day,D60,Injured 60-Day
656305,Matt Chapman,matt chapman,SF,10-day,D10,Injured 10-Day
657424,Matt Gage,matt gage,SF,15-day,D15,Injured 15-Day
702600,Matt Klein,matt klein,COL,7-day,D7,Injured 7-Day
439475,Matt Lachappa,matt lachappa,SD,full-season,ILF,Injured - Full Season
680574,Matt McLain,matt mclain,CIN,10-day,D10,Injured 10-Day
807713,Matt Shaw,matt shaw,CHC,10-day,D10,Injured 10-Day
702110,Matt Suggs,matt suggs,WSH,7-day,D7,Injured 7-Day
828510,Matt Tiberia,matt tiberia,SEA,60-day,D60,Injured 60-Day
801574,Matthew Dalquist,matthew dalquist,MIN,7-day,D7,Injured 7-Day
826936,Matthew Potok,matthew potok,PHI,7-day,D7,Injured 7-Day
831811,Mauricio De La Cruz,mauricio de la cruz,PIT,7-day,D7,Injured 7-Day
803284,Max Belyeu,max belyeu,COL,7-day,D7,Injured 7-Day
608331,Max Fried,max fried,NYY,15-day,D15,Injured 15-Day
676055,Max Green,max green,NYM,60-day,D60,Injured 60-Day
676974,Max Meyer,max meyer,MIA,15-day,D15,Injured 15-Day
691008,Max Rajcic,max rajcic,STL,60-day,D60,Injured 60-Day
453286,Max Scherzer,max scherzer,TOR,15-day,D15,Injured 15-Day
815004,Maylerson Casanova,maylerson casanova,PHI,7-day,D7,Injured 7-Day
685326,McCade Brown,mccade brown,COL,60-day,D60,Injured 60-Day
829156,Meridian Leffew,meridian leffew,DET,7-day,D7,Injured 7-Day
837308,Mervin Maiz,mervin maiz,PIT,7-day,D7,Injured 7-Day
837667,Micael De La Cruz,micael de la cruz,PIT,60-day,D60,Injured 60-Day
692117,Micah Bucknam,micah bucknam,TOR,full-season,ILF,Injured - Full Season
827625,Michael Carpenter,michael carpenter,MIN,7-day,D7,Injured 7-Day
690382,Michael Darrell-Hicks,michael darrell-hicks,PIT,7-day,D7,Injured 7-Day
833199,Michael De La Cruz,michael de la cruz,TOR,7-day,D7,Injured 7-Day
680737,Michael Helman,michael helman,TEX,60-day,D60,Injured 60-Day
669419,Michael Hobbs,michael hobbs,SEA,60-day,D60,Injured 60-Day
695602,Michael Massey,michael massey,DET,60-day,D60,Injured 60-Day
647336,Michael Soroka,michael soroka,AZ,15-day,D15,Injured 15-Day
681114,Michael Trautwein,michael trautwein,CIN,7-day,D7,Injured 7-Day
820962,Michell Ojeda,michell ojeda,PIT,60-day,D60,Injured 60-Day
690953,Mick Abel,mick abel,MIN,60-day,D60,Injured 60-Day
837804,Miguel Andrade,miguel andrade,MIL,7-day,D7,Injured 7-Day
609280,Miguel Andujar,miguel andujar,SD,10-day,D10,Injured 10-Day
831917,Miguel Angel Ledesma,miguel angel ledesma,SD,60-day,D60,Injured 60-Day
823884,Miguel Balza,miguel balza,HOU,60-day,D60,Injured 60-Day
800477,Miguel Mesa,miguel mesa,BAL,60-day,D60,Injured 60-Day
691629,Miguelangel Boadas,miguelangel boadas,MIN,7-day,D7,Injured 7-Day
681347,Mike Burrows,mike burrows,HOU,15-day,D15,Injured 15-Day
690448,Mike Jarvis,mike jarvis,PIT,7-day,D7,Injured 7-Day
643565,Mike Tauchman,mike tauchman,NYM,60-day,D60,Injured 60-Day
678024,Mike Vasil,mike vasil,CWS,60-day,D60,Injured 60-Day
573262,Mike Yastrzemski,mike yastrzemski,ATL,10-day,D10,Injured 10-Day
694991,Mitch Jebb,mitch jebb,PIT,60-day,D60,Injured 60-Day
836037,Mitchell Evans,mitchell evans,DET,full-season,ILF,Injured - Full Season
680730,Mitchell Parker,mitchell parker,WSH,60-day,D60,Injured 60-Day
800029,Modeifi Marte,modeifi marte,AZ,7-day,D7,Injured 7-Day
685481,Moises Rodriguez,moises rodriguez,DET,7-day,D7,Injured 7-Day
809459,Morris Austin,morris austin,CWS,7-day,D7,Injured 7-Day
811573,Myles Patton,myles patton,BOS,full-season,ILF,Injured - Full Season
827642,Naiker Velazquez,naiker velazquez,PHI,60-day,D60,Injured 60-Day
811638,Naoel Mejia,naoel mejia,PHI,60-day,D60,Injured 60-Day
702417,Natanael Polanco,natanael polanco,MIA,full-season,ILF,Injured - Full Season
829966,Natanael Valerio,natanael valerio,CWS,60-day,D60,Injured 60-Day
806004,Nate Ackenhausen,nate ackenhausen,KC,60-day,D60,Injured 60-Day
825582,Nate George,nate george,BAL,60-day,D60,Injured 60-Day
810951,Nate Knowles,nate knowles,TB,60-day,D60,Injured 60-Day
703449,Nathan Hall,nathan hall,AZ,7-day,D7,Injured 7-Day
815005,Nathanael Cijntje,nathanael cijntje,PHI,full-season,ILF,Injured - Full Season
806441,Nehomar Ochoa Jr.,nehomar ochoa jr,HOU,7-day,D7,Injured 7-Day
686544,Nestor Lorant,nestor lorant,CIN,7-day,D7,Injured 7-Day
815930,Nestor Miranda,nestor miranda,DET,full-season,ILF,Injured - Full Season
825699,Netali Pinales,netali pinales,COL,60-day,D60,Injured 60-Day
663671,Nic Enright,nic enright,TOR,full-season,ILF,Injured - Full Season
700113,Nicholas Judice,nicholas judice,BOS,60-day,D60,Injured 60-Day
813752,Nick Brink,nick brink,MIA,full-season,ILF,Injured - Full Season
824753,Nick Hollifield,nick hollifield,WSH,7-day,D7,Injured 7-Day
694559,Nick Jones,nick jones,LAA,7-day,D7,Injured 7-Day
701762,Nick Kurtz,nick kurtz,ATH,10-day,D10,Injured 10-Day
666157,Nick Lodolo,nick lodolo,CIN,15-day,D15,Injured 15-Day
686529,Nick Maldonado,nick maldonado,MIA,full-season,ILF,Injured - Full Season
683232,Nick Mears,nick mears,KC,60-day,D60,Injured 60-Day
823809,Nick Monistere,nick monistere,HOU,60-day,D60,Injured 60-Day
601713,Nick Pivetta,nick pivetta,SD,60-day,D60,Injured 60-Day
835025,Nick Putnam,nick putnam,LAD,60-day,D60,Injured 60-Day
805311,Nick Sando,nick sando,CIN,full-season,ILF,Injured - Full Season
689901,Nico Zeglin,nico zeglin,HOU,7-day,D7,Injured 7-Day
830474,Nicolas Vergara,nicolas vergara,TOR,60-day,D60,Injured 60-Day
827417,Nieves Izaguirre,nieves izaguirre,PHI,7-day,D7,Injured 7-Day
815125,Noah Ruen,noah ruen,LAD,full-season,ILF,Injured - Full Season
800611,Noble Meyer,noble meyer,MIA,7-day,D7,Injured 7-Day
814487,Nolan Hughes,nolan hughes,WSH,60-day,D60,Injured 60-Day
823114,Nolan McCarthy,nolan mccarthy,DET,7-day,D7,Injured 7-Day
823013,Nomar Jimenez,nomar jimenez,KC,60-day,D60,Injured 60-Day
695589,Ocean Gabonia,ocean gabonia,NYY,full-season,ILF,Injured - Full Season
665996,Oddanier Mosqueda,oddanier mosqueda,PIT,60-day,D60,Injured 60-Day
823860,Oliver Gonzalez,oliver gonzalez,LAD,full-season,ILF,Injured - Full Season
825674,Omar Arredondo,omar arredondo,TB,60-day,D60,Injured 60-Day
678316,Omar Cruz,omar cruz,SD,full-season,ILF,Injured - Full Season
665833,Oneil Cruz,oneil cruz,PIT,60-day,D60,Injured 60-Day
824933,Oriel Fortuna,oriel fortuna,CWS,60-day,D60,Injured 60-Day
701432,Orlando Gonzalez,orlando gonzalez,PHI,60-day,D60,Injured 60-Day
689508,Orlando Ortiz-Mayr,orlando ortiz-mayr,MIA,7-day,D7,Injured 7-Day
814840,Orvis Fernandez,orvis fernandez,NYY,60-day,D60,Injured 60-Day
823347,Oscar Melgarejo,oscar melgarejo,CLE,60-day,D60,Injured 60-Day
832558,Osvaldo Platas,osvaldo platas,SEA,60-day,D60,Injured 60-Day
683357,Owen Caissie,owen caissie,MIA,10-day,D10,Injured 10-Day
816000,Owen Gregg,owen gregg,TOR,7-day,D7,Injured 7-Day
824667,Owen Puk,owen puk,WSH,60-day,D60,Injured 60-Day
699257,Owen Woodward,owen woodward,NYM,60-day,D60,Injured 60-Day
676571,PJ Poulin,pj poulin,WSH,15-day,D15,Injured 15-Day
641154,Pablo López,pablo lopez,MIN,60-day,D60,Injured 60-Day
676050,Packy Naughton,packy naughton,STL,7-day,D7,Injured 7-Day
678009,Parker Meadows,parker meadows,DET,60-day,D60,Injured 60-Day
699223,Patricio Aquino,patricio aquino,MIL,60-day,D60,Injured 60-Day
622256,Patrick Weigel,patrick weigel,COL,7-day,D7,Injured 7-Day
805823,Paul Bonzagni,paul bonzagni,TEX,60-day,D60,Injured 60-Day
702265,Paxton Kling,paxton kling,TEX,7-day,D7,Injured 7-Day
806869,Pedro Catuy,pedro catuy,AZ,7-day,D7,Injured 7-Day
829691,Pedro Montero,pedro montero,MIA,60-day,D60,Injured 60-Day
830417,Pedro Nunez,pedro nunez,COL,60-day,D60,Injured 60-Day
695646,Peter Heubeck,peter heubeck,LAD,7-day,D7,Injured 7-Day
828097,Peter Kussow,peter kussow,NYM,full-season,ILF,Injured - Full Season
807290,Peyton Prescott,peyton prescott,NYM,60-day,D60,Injured 60-Day
664208,Phil Maton,phil maton,CHC,15-day,D15,Injured 15-Day
695560,Pico Kohn,pico kohn,NYY,60-day,D60,Injured 60-Day
701487,Pierson Ohl,pierson ohl,COL,60-day,D60,Injured 60-Day
837632,Pietro Albanez-Rienzo,pietro albanez-rienzo,PIT,7-day,D7,Injured 7-Day
800278,Pitterson Rosa,pitterson rosa,PIT,60-day,D60,Injured 60-Day
696040,Po-Yu Chen,po-yu chen,PIT,60-day,D60,Injured 60-Day
695000,Poncho Ruiz,poncho ruiz,MIN,60-day,D60,Injured 60-Day
814378,Porfirio Ramos,porfirio ramos,HOU,full-season,ILF,Injured - Full Season
687863,Porter Hodge,porter hodge,CHC,60-day,D60,Injured 60-Day
672860,Prelander Berroa,prelander berroa,CWS,60-day,D60,Injured 60-Day
682990,Quinn Priester,quinn priester,MIL,60-day,D60,Injured 60-Day
681924,R.J. Dabovich,rj dabovich,SF,60-day,D60,Injured 60-Day
701680,R.J. Sales,rj sales,WSH,60-day,D60,Injured 60-Day
836071,RJ Shunck,rj shunck,MIA,60-day,D60,Injured 60-Day
821012,Rafael Flores,rafael flores,TOR,60-day,D60,Injured 60-Day
829898,Rafael Merchan,rafael merchan,CHC,60-day,D60,Injured 60-Day
801736,Raimel Medina,raimel medina,KC,60-day,D60,Injured 60-Day
657656,Ramón Laureano,ramon laureano,SD,60-day,D60,Injured 60-Day
670232,Ramón Rodríguez,ramon rodriguez,MIL,7-day,D7,Injured 7-Day
602104,Ramón Urías,ramon urias,STL,60-day,D60,Injured 60-Day
829480,Ranciel Abreu,ranciel abreu,NYY,60-day,D60,Injured 60-Day
830036,Randal Munoz,randal munoz,SEA,60-day,D60,Injured 60-Day
678495,Randy Rodríguez,randy rodriguez,SF,60-day,D60,Injured 60-Day
624133,Ranger Suarez,ranger suarez,BOS,15-day,D15,Injured 15-Day
829909,Raudy Reyes,raudy reyes,ATL,full-season,ILF,Injured - Full Season
800426,Raylin Ramos,raylin ramos,BAL,7-day,D7,Injured 7-Day
828661,Raymel Belliard,raymel belliard,SD,60-day,D60,Injured 60-Day
830002,Rayner Herrera,rayner herrera,BAL,7-day,D7,Injured 7-Day
810982,Rayven Antonio,rayven antonio,ATL,full-season,ILF,Injured - Full Season
657585,Reed Garrett,reed garrett,NYM,60-day,D60,Injured 60-Day
681857,Reese Olson,reese olson,DET,60-day,D60,Injured 60-Day
686846,Reggie Crawford,reggie crawford,SF,60-day,D60,Injured 60-Day
691262,Reginald Preciado,reginald preciado,CHC,60-day,D60,Injured 60-Day
828182,Reid Worley,reid worley,SF,full-season,ILF,Injured - Full Season
806996,Reiner López,reiner lopez,STL,full-season,ILF,Injured - Full Season
821096,Reiver Camacho,reiver camacho,COL,60-day,D60,Injured 60-Day
835014,Rey Pacheco,rey pacheco,MIN,60-day,D60,Injured 60-Day
699106,Reynardo Cruz,reynardo cruz,CIN,7-day,D7,Injured 7-Day
825750,Ricardo De La Paz,ricardo de la paz,SD,60-day,D60,Injured 60-Day
800357,Ricardo Gonzalez,ricardo gonzalez,TB,60-day,D60,Injured 60-Day
805110,Ricardo Montero,ricardo montero,LAD,7-day,D7,Injured 7-Day
691627,Ricardo Olivar,ricardo olivar,MIN,60-day,D60,Injured 60-Day
830429,Ricardo Roman,ricardo roman,LAD,60-day,D60,Injured 60-Day
663992,Richard Lovelady,richard lovelady,WSH,60-day,D60,Injured 60-Day
825925,Richie Bonomolo Jr.,richie bonomolo jr,NYY,60-day,D60,Injured 60-Day
834395,Richie Cortese,richie cortese,PHI,60-day,D60,Injured 60-Day
703150,Ricky Cabrera,ricky cabrera,CIN,full-season,ILF,Injured - Full Season
694408,Riley Eikhoff,riley eikhoff,CWS,7-day,D7,Injured 7-Day
803035,Riley Gowens,riley gowens,CWS,7-day,D7,Injured 7-Day
702303,Riley Martin,riley martin,CHC,60-day,D60,Injured 60-Day
815306,Rio Foster,rio foster,LAA,full-season,ILF,Injured - Full Season
821932,River Hamilton,river hamilton,DET,full-season,ILF,Injured - Full Season
608701,Rob Refsnyder,rob refsnyder,SEA,10-day,D10,Injured 10-Day
642239,Rob Zastryzny,rob zastryzny,MIL,60-day,D60,Injured 60-Day
689506,Robbie Knowles,robbie knowles,STL,7-day,D7,Injured 7-Day
702281,Robby Snelling,robby snelling,MIA,60-day,D60,Injured 60-Day
815897,Robert Arias,robert arias,CLE,60-day,D60,Injured 60-Day
676395,Robert Garcia,robert garcia,TEX,60-day,D60,Injured 60-Day
691188,Robert Puason,robert puason,ATH,60-day,D60,Injured 60-Day
596112,Robert Stephenson,robert stephenson,LAA,60-day,D60,Injured 60-Day
663158,Robert Suarez,robert suarez,ATL,15-day,D15,Injured 15-Day
691449,Roberto Campos,roberto campos,DET,7-day,D7,Injured 7-Day
674868,Rodney Boone,rodney boone,CLE,full-season,ILF,Injured - Full Season
701350,Roman Anthony,roman anthony,BOS,60-day,D60,Injured 60-Day
837960,Ronaiker Narvaez,ronaiker narvaez,TEX,60-day,D60,Injured 60-Day
660670,Ronald Acuña Jr.,ronald acuna jr,ATL,10-day,D10,Injured 10-Day
823723,Ronaldo Florencio,ronaldo florencio,COL,60-day,D60,Injured 60-Day
837622,Ronaldo Serrano,ronaldo serrano,PIT,7-day,D7,Injured 7-Day
837213,Roniel Joseph,roniel joseph,BAL,7-day,D7,Injured 7-Day
678692,Ronny Henriquez,ronny henriquez,MIA,60-day,D60,Injured 60-Day
592858,Rowan Wick,rowan wick,SF,60-day,D60,Injured 60-Day
824634,Rowell Arroyo,rowell arroyo,CHC,full-season,ILF,Injured - Full Season
831989,Roynel Confidente,roynel confidente,BAL,60-day,D60,Injured 60-Day
823214,Rubender Pena,rubender pena,TB,full-season,ILF,Injured - Full Season
808160,Ruddy Navarro,ruddy navarro,SEA,60-day,D60,Injured 60-Day
669080,Russell Smith,russell smith,MIL,60-day,D60,Injured 60-Day
686825,Ryan Ammons,ryan ammons,NYM,full-season,ILF,Injured - Full Season
822876,Ryan Andrade,ryan andrade,TB,7-day,D7,Injured 7-Day
804670,Ryan Birchard,ryan birchard,MIL,7-day,D7,Injured 7-Day
811286,Ryan Brown,ryan brown,LAD,60-day,D60,Injured 60-Day
691943,Ryan Bruno,ryan bruno,AZ,60-day,D60,Injured 60-Day
823804,Ryan Dromboski,ryan dromboski,PHI,7-day,D7,Injured 7-Day
689877,Ryan Harbin,ryan harbin,PIT,full-season,ILF,Injured - Full Season
664854,Ryan Helsley,ryan helsley,BAL,60-day,D60,Injured 60-Day
822038,Ryan Lambert,ryan lambert,NYM,7-day,D7,Injured 7-Day
805782,Ryan Lasko,ryan lasko,ATH,7-day,D7,Injured 7-Day
702795,Ryan Loutos,ryan loutos,SEA,full-season,ILF,Injured - Full Season
828514,Ryan Minckler,ryan minckler,WSH,7-day,D7,Injured 7-Day
663624,Ryan Mountcastle,ryan mountcastle,BAL,60-day,D60,Injured 60-Day
823694,Ryan Osinski,ryan osinski,NYY,full-season,ILF,Injured - Full Season
686752,Ryan Pepiot,ryan pepiot,TB,60-day,D60,Injured 60-Day
701696,Ryan Stafford,ryan stafford,BAL,7-day,D7,Injured 7-Day
701511,Ryan Watson,ryan watson,TOR,60-day,D60,Injured 60-Day
805025,Rylan Galvan,rylan galvan,CWS,7-day,D7,Injured 7-Day
669194,Ryne Nelson,ryne nelson,AZ,60-day,D60,Injured 60-Day
686217,Sal Frelick,sal frelick,MIL,10-day,D10,Injured 10-Day
823883,Salvador Casado,salvador casado,BAL,60-day,D60,Injured 60-Day
821456,Sam Gerth,sam gerth,COL,full-season,ILF,Injured - Full Season
802413,Sam Horn,sam horn,LAD,60-day,D60,Injured 60-Day
816384,Sam Robertson,sam robertson,NYM,7-day,D7,Injured 7-Day
835380,Sam Rochard,sam rochard,MIN,60-day,D60,Injured 60-Day
802511,Sam Shaw,sam shaw,TOR,7-day,D7,Injured 7-Day
702023,Sam Stuhr,sam stuhr,ATH,60-day,D60,Injured 60-Day
802517,Sam White,sam white,TOR,60-day,D60,Injured 60-Day
669392,Samad Taylor,samad taylor,SD,10-day,D10,Injured 10-Day
808247,Samuel Sanchez,samuel sanchez,LAD,60-day,D60,Injured 60-Day
829493,Samuel Savinon,samuel savinon,LAD,7-day,D7,Injured 7-Day
679029,Samuel Vásquez,samuel vasquez,MIA,60-day,D60,Injured 60-Day
800237,Sandy Mejia,sandy mejia,HOU,60-day,D60,Injured 60-Day
829764,Santiago Castellanos,santiago castellanos,MIN,60-day,D60,Injured 60-Day
829761,Santiago Gil,santiago gil,AZ,60-day,D60,Injured 60-Day
829054,Santiago Leon,santiago leon,MIN,full-season,ILF,Injured - Full Season
829775,Santiago Martinez,santiago martinez,MIL,60-day,D60,Injured 60-Day
838009,Santiago Moreno,santiago moreno,WSH,60-day,D60,Injured 60-Day
822278,Santiago Rivas,santiago rivas,TEX,60-day,D60,Injured 60-Day
837219,Saúl Figuereo,saul figuereo,STL,60-day,D60,Injured 60-Day
834243,Sean Episcope,sean episcope,MIL,7-day,D7,Injured 7-Day
674944,Sean Guenther,sean guenther,DET,7-day,D7,Injured 7-Day
686184,Sean Harney,sean harney,AZ,full-season,ILF,Injured - Full Season
702314,Sean Hermann,sean hermann,SEA,7-day,D7,Injured 7-Day
683169,Sean McLain,sean mclain,LAD,7-day,D7,Injured 7-Day
669221,Sean Murphy,sean murphy,ATL,60-day,D60,Injured 60-Day
696155,Sean Sullivan,sean sullivan,PIT,60-day,D60,Injured 60-Day
814409,Seaver King,seaver king,WSH,7-day,D7,Injured 7-Day
837781,Sebastian Rivas,sebastian rivas,NYY,60-day,D60,Injured 60-Day
665861,Sebastián Rivero,sebastian rivero,LAA,10-day,D10,Injured 10-Day
691828,Sem Robberse,sem robberse,STL,60-day,D60,Injured 60-Day
804610,Shai Robinson,shai robinson,MIN,full-season,ILF,Injured - Full Season
695556,Shane Panzini,shane panzini,KC,7-day,D7,Injured 7-Day
687071,Shane Sasaki,shane sasaki,CIN,60-day,D60,Injured 60-Day
815272,Shay Timmer,shay timmer,DET,60-day,D60,Injured 60-Day
571946,Shelby Miller,shelby miller,CHC,60-day,D60,Injured 60-Day
813766,Skylar Hales,skylar hales,STL,7-day,D7,Injured 7-Day
695426,Spencer Bramwell,spencer bramwell,MIA,7-day,D7,Injured 7-Day
687462,Spencer Horwitz,spencer horwitz,PIT,10-day,D10,Injured 10-Day
680885,Spencer Schwellenbach,spencer schwellenbach,ATL,60-day,D60,Injured 60-Day
675911,Spencer Strider,spencer strider,ATL,60-day,D60,Injured 60-Day
837707,Starlyn De La Cruz,starlyn de la cruz,ATL,60-day,D60,Injured 60-Day
663568,Stephen Kolek,stephen kolek,KC,15-day,D15,Injured 15-Day
571927,Steven Matz,steven matz,TB,15-day,D15,Injured 15-Day
621051,Steven Wilson,steven wilson,TB,60-day,D60,Injured 60-Day
821823,Sthiven Benitez,sthiven benitez,KC,full-season,ILF,Injured - Full Season
621383,Tanner Banks,tanner banks,PHI,15-day,D15,Injured 15-Day
669142,Tanner Burns,tanner burns,CLE,7-day,D7,Injured 7-Day
828705,Tanner Gillis,tanner gillis,MIL,60-day,D60,Injured 60-Day
805784,Tanner Hall,tanner hall,MIN,full-season,ILF,Injured - Full Season
656557,Tanner Houck,tanner houck,BOS,60-day,D60,Injured 60-Day
695020,Tanner Murray,tanner murray,CWS,60-day,D60,Injured 60-Day
823801,Tanner Smith,tanner smith,BAL,60-day,D60,Injured 60-Day
804249,Tate Kuehner,tate kuehner,MIL,60-day,D60,Injured 60-Day
825099,Thomas Higgins,thomas higgins,SEA,7-day,D7,Injured 7-Day
821431,Thomas Mangus,thomas mangus,CHC,full-season,ILF,Injured - Full Season
806258,Thomas White,thomas white,MIA,7-day,D7,Injured 7-Day
837340,Tijn Fredrikze,tijn fredrikze,NYY,60-day,D60,Injured 60-Day
682120,Tim Herrin,tim herrin,CLE,15-day,D15,Injured 15-Day
814512,Tommy O'Rourke,tommy orourke,NYY,full-season,ILF,Injured - Full Season
694371,Tommy Troy,tommy troy,AZ,10-day,D10,Injured 10-Day
621512,Tomás Nido,tomas nido,DET,7-day,D7,Injured 7-Day
703156,Tony Blanco Jr.,tony blanco jr,PIT,7-day,D7,Injured 7-Day
663574,Tony Santillan,tony santillan,CIN,15-day,D15,Injured 15-Day
823994,Trace Baker,trace baker,TOR,7-day,D7,Injured 7-Day
829403,Trace Phillips,trace phillips,TB,7-day,D7,Injured 7-Day
669740,Travis MacGregor,travis macgregor,NYY,60-day,D60,Injured 60-Day
805809,Travis Sykora,travis sykora,WSH,60-day,D60,Injured 60-Day
518595,Travis d'Arnaud,travis darnaud,LAA,60-day,D60,Injured 60-Day
830485,Trent Buchanan,trent buchanan,ATL,60-day,D60,Injured 60-Day
680436,Trenton Wallace,trenton wallace,TOR,60-day,D60,Injured 60-Day
828342,Trevor Heishman,trevor heishman,DET,60-day,D60,Injured 60-Day
596115,Trevor Story,trevor story,BOS,60-day,D60,Injured 60-Day
592866,Trevor Williams,trevor williams,WSH,60-day,D60,Injured 60-Day
700829,Trey Nordmann,trey nordmann,BAL,full-season,ILF,Injured - Full Season
657022,Trey Supak,trey supak,TEX,7-day,D7,Injured 7-Day
700242,Trey Sweeney,trey sweeney,DET,60-day,D60,Injured 60-Day
688306,Tristan Stevens,tristan stevens,MIA,60-day,D60,Injured 60-Day
671213,Triston Casas,triston casas,BOS,60-day,D60,Injured 60-Day
688367,Tucker Mitchell,tucker mitchell,TEX,full-season,ILF,Injured - Full Season
695606,Ty Hodge,ty hodge,BOS,60-day,D60,Injured 60-Day
807257,Ty Southisene,ty southisene,CHC,7-day,D7,Injured 7-Day
592122,Tyler Austin,tyler austin,CHC,60-day,D60,Injured 60-Day
666121,Tyler Baum,tyler baum,WSH,60-day,D60,Injured 60-Day
827744,Tyler Bryant,tyler bryant,MIL,full-season,ILF,Injured - Full Season
666149,Tyler Fitzgerald,tyler fitzgerald,LAD,60-day,D60,Injured 60-Day
656457,Tyler Gilbert,tyler gilbert,CWS,15-day,D15,Injured 15-Day
607192,Tyler Glasnow,tyler glasnow,LAD,60-day,D60,Injured 60-Day
809499,Tyler Morgan,tyler morgan,SD,60-day,D60,Injured 60-Day
701603,Tyler Stuart,tyler stuart,WSH,60-day,D60,Injured 60-Day
694834,Tyler Wilson,tyler wilson,NYY,60-day,D60,Injured 60-Day
656731,Tylor Megill,tylor megill,NYM,60-day,D60,Injured 60-Day
692165,Tyrelle Chadwick,tyrelle chadwick,COL,7-day,D7,Injured 7-Day
701689,Vance Honeycutt,vance honeycutt,BAL,7-day,D7,Injured 7-Day
692157,Vicarte Domingo,vicarte domingo,SD,7-day,D7,Injured 7-Day
682674,Victor Bericoto,victor bericoto,SF,10-day,D10,Injured 10-Day
834891,Victor Lopez,victor lopez,TEX,60-day,D60,Injured 60-Day
837709,Victor Marin,victor marin,CLE,60-day,D60,Injured 60-Day
703861,Victor Ortega,victor ortega,MIA,7-day,D7,Injured 7-Day
837039,Vismar Dagnino,vismar dagnino,HOU,60-day,D60,Injured 60-Day
827734,Wei-En Lin,wei-en lin,ATH,60-day,D60,Injured 60-Day
700327,Welinton Herrera,welinton herrera,COL,60-day,D60,Injured 60-Day
672761,Wenceel Pérez,wenceel perez,DET,60-day,D60,Injured 60-Day
667744,Wesley Moore,wesley moore,PHI,full-season,ILF,Injured - Full Season
801412,Will Mabrey,will mabrey,AZ,60-day,D60,Injured 60-Day
703042,Will Riley,will riley,SEA,60-day,D60,Injured 60-Day
805733,Will Rudy,will rudy,MIL,60-day,D60,Injured 60-Day
801696,Will Schomberg,will schomberg,MIA,full-season,ILF,Injured - Full Season
669257,Will Smith,will smith,LAD,10-day,D10,Injured 10-Day
676684,Will Vest,will vest,DET,60-day,D60,Injured 60-Day
814492,Will Watson,will watson,NYM,7-day,D7,Injured 7-Day
669717,Will Wilson,will wilson,SEA,60-day,D60,Injured 60-Day
703151,William Bergolla Jr.,william bergolla jr,CWS,7-day,D7,Injured 7-Day
687531,William Kempner,william kempner,MIA,15-day,D15,Injured 15-Day
811316,William Privette,william privette,TEX,60-day,D60,Injured 60-Day
816266,Williams Salazar,williams salazar,LAD,60-day,D60,Injured 60-Day
829815,Winkel Del Rosario,winkel del rosario,SF,60-day,D60,Injured 60-Day
808345,Wuilberth Mendez,wuilberth mendez,DET,full-season,ILF,Injured - Full Season
694766,Wyatt Hudepohl,wyatt hudepohl,NYM,60-day,D60,Injured 60-Day
815608,Wyatt Sanford,wyatt sanford,PIT,7-day,D7,Injured 7-Day
702696,Xavier Cardenas III,xavier cardenas iii,MIA,60-day,D60,Injured 60-Day
808081,Xavier Cruz,xavier cruz,STL,full-season,ILF,Injured - Full Season
801870,Xavier Meachem,xavier meachem,MIA,full-season,ILF,Injured - Full Season
837841,Yadier Munoz,yadier munoz,CHC,60-day,D60,Injured 60-Day
691558,Yeiner Fernandez,yeiner fernandez,LAD,full-season,ILF,Injured - Full Season
622075,Yency Almonte,yency almonte,LAD,full-season,ILF,Injured - Full Season
666720,Yerry Rodríguez,yerry rodriguez,NYY,60-day,D60,Injured 60-Day
808253,Yhoan Escalona,yhoan escalona,PHI,full-season,ILF,Injured - Full Season
554340,Yimi García,yimi garcia,TOR,60-day,D60,Injured 60-Day
830034,Yobal Rodriguez,yobal rodriguez,CWS,full-season,ILF,Injured - Full Season
837659,Yoel Duarte,yoel duarte,SD,60-day,D60,Injured 60-Day
837749,Yohansis Pena,yohansis pena,AZ,60-day,D60,Injured 60-Day
830007,Yordan Rodriguez,yordan rodriguez,NYM,full-season,ILF,Injured - Full Season
694057,Yordanny Monegro,yordanny monegro,BOS,60-day,D60,Injured 60-Day
808054,Yordin Chalas,yordin chalas,AZ,full-season,ILF,Injured - Full Season
827326,Yorman Licourt,yorman licourt,TOR,7-day,D7,Injured 7-Day
660162,Yoán Moncada,yoan moncada,LAA,60-day,D60,Injured 60-Day
825159,Yunior Amparo,yunior amparo,NYM,7-day,D7,Injured 7-Day
579328,Yusei Kikuchi,yusei kikuchi,LAA,60-day,D60,Injured 60-Day
668678,Zac Gallen,zac gallen,AZ,15-day,D15,Injured 15-Day
621107,Zach Eflin,zach eflin,BAL,60-day,D60,Injured 60-Day
808820,Zach Fogell,zach fogell,BOS,60-day,D60,Injured 60-Day
688396,Zach Fruit,zach fruit,BAL,60-day,D60,Injured 60-Day
836051,Zach Rogacki,zach rogacki,COL,60-day,D60,Injured 60-Day
691109,Zach Vennaro,zach vennaro,MIN,full-season,ILF,Injured - Full Season
680869,Zack Gelof,zack gelof,ATH,10-day,D10,Injured 10-Day
687253,Zack Morris,zack morris,COL,full-season,ILF,Injured - Full Season
668868,Zack Thompson,zack thompson,STL,60-day,D60,Injured 60-Day
821486,Zack Tukis,zack tukis,PHI,full-season,ILF,Injured - Full Season
805800,Zander Mueth,zander mueth,PIT,7-day,D7,Injured 7-Day
677312,Zane Mills,zane mills,CHC,full-season,ILF,Injured - Full Season
