mlb_id,name,group,season,games,fpts,fpg
694819,Jacob Misiorowski,pitching,2025,15.0,142.9,9.53
694819,Jacob Misiorowski,pitching,2026,14.0,332.9,23.78
650911,Cristopher Sanchez,pitching,2021,7.0,12.4,1.77
650911,Cristopher Sanchez,pitching,2022,15.0,44.1,2.94
650911,Cristopher Sanchez,pitching,2023,19.0,209.3,11.02
650911,Cristopher Sanchez,pitching,2024,31.0,356.9,11.51
650911,Cristopher Sanchez,pitching,2025,32.0,524.2,16.38
650911,Cristopher Sanchez,pitching,2026,15.0,296.2,19.75
693645,Cam Schlittler,pitching,2025,14.0,171.9,12.28
693645,Cam Schlittler,pitching,2026,15.0,275.2,18.35
695505,Chase Burns,pitching,2025,13.0,87.8,6.75
695505,Chase Burns,pitching,2026,14.0,237.9,16.99
519242,Chris Sale,pitching,2010,21.0,96.0,4.57
519242,Chris Sale,pitching,2011,58.0,241.0,4.16
519242,Chris Sale,pitching,2012,30.0,456.1,15.2
519242,Chris Sale,pitching,2013,30.0,490.5,16.35
519242,Chris Sale,pitching,2014,26.0,508.1,19.54
519242,Chris Sale,pitching,2015,31.0,516.9,16.67
519242,Chris Sale,pitching,2016,32.0,520.2,16.26
519242,Chris Sale,pitching,2017,32.0,639.2,19.98
519242,Chris Sale,pitching,2018,27.0,534.5,19.8
519242,Chris Sale,pitching,2019,25.0,328.8,13.15
519242,Chris Sale,pitching,2021,9.0,106.2,11.8
519242,Chris Sale,pitching,2022,2.0,11.7,5.85
519242,Chris Sale,pitching,2023,20.0,213.0,10.65
519242,Chris Sale,pitching,2024,29.0,540.1,18.62
519242,Chris Sale,pitching,2025,21.0,344.0,16.38
519242,Chris Sale,pitching,2026,13.0,226.6,17.43
808967,Yoshinobu Yamamoto,pitching,2024,18.0,236.3,13.13
808967,Yoshinobu Yamamoto,pitching,2025,30.0,491.5,16.38
808967,Yoshinobu Yamamoto,pitching,2026,13.0,235.6,18.12
668909,Gavin Williams,pitching,2023,16.0,163.6,10.22
668909,Gavin Williams,pitching,2024,16.0,110.6,6.91
668909,Gavin Williams,pitching,2025,31.0,378.9,12.22
668909,Gavin Williams,pitching,2026,14.0,220.9,15.78
656876,Drew Rasmussen,pitching,2020,12.0,15.0,1.25
656876,Drew Rasmussen,pitching,2021,35.0,184.5,5.27
656876,Drew Rasmussen,pitching,2022,28.0,351.8,12.56
656876,Drew Rasmussen,pitching,2023,8.0,120.8,15.1
656876,Drew Rasmussen,pitching,2024,16.0,82.4,5.15
656876,Drew Rasmussen,pitching,2025,31.0,362.9,11.71
656876,Drew Rasmussen,pitching,2026,13.0,205.6,15.82
694973,Paul Skenes,pitching,2024,23.0,425.0,18.48
694973,Paul Skenes,pitching,2025,32.0,555.2,17.35
694973,Paul Skenes,pitching,2026,15.0,231.2,15.41
677952,Braxton Ashcraft,pitching,2025,26.0,166.8,6.42
677952,Braxton Ashcraft,pitching,2026,14.0,190.9,13.64
800048,Parker Messick,pitching,2025,7.0,90.4,12.91
800048,Parker Messick,pitching,2026,14.0,205.9,14.71
656302,Dylan Cease,pitching,2019,14.0,78.9,5.64
656302,Dylan Cease,pitching,2020,12.0,88.2,7.35
656302,Dylan Cease,pitching,2021,32.0,386.2,12.07
656302,Dylan Cease,pitching,2022,32.0,536.2,16.76
656302,Dylan Cease,pitching,2023,33.0,287.5,8.71
656302,Dylan Cease,pitching,2024,33.0,469.5,14.23
656302,Dylan Cease,pitching,2025,32.0,311.2,9.72
656302,Dylan Cease,pitching,2026,12.0,187.2,15.6
657746,Joe Ryan,pitching,2021,5.0,67.8,13.56
657746,Joe Ryan,pitching,2022,27.0,334.5,12.39
657746,Joe Ryan,pitching,2023,29.0,327.1,11.28
657746,Joe Ryan,pitching,2024,23.0,311.0,13.52
657746,Joe Ryan,pitching,2025,31.0,415.5,13.4
657746,Joe Ryan,pitching,2026,15.0,201.2,13.41
594798,Jacob deGrom,pitching,2014,22.0,343.7,15.62
594798,Jacob deGrom,pitching,2015,30.0,523.5,17.45
594798,Jacob deGrom,pitching,2016,24.0,316.4,13.18
594798,Jacob deGrom,pitching,2017,31.0,466.9,15.06
594798,Jacob deGrom,pitching,2018,32.0,677.2,21.16
594798,Jacob deGrom,pitching,2019,32.0,584.2,18.26
594798,Jacob deGrom,pitching,2020,12.0,221.2,18.43
594798,Jacob deGrom,pitching,2021,15.0,385.2,25.68
594798,Jacob deGrom,pitching,2022,11.0,215.9,19.63
594798,Jacob deGrom,pitching,2023,6.0,102.1,17.02
594798,Jacob deGrom,pitching,2024,3.0,31.0,10.33
594798,Jacob deGrom,pitching,2025,30.0,458.5,15.28
594798,Jacob deGrom,pitching,2026,14.0,200.9,14.35
693821,Bryce Elder,pitching,2022,10.0,102.2,10.22
693821,Bryce Elder,pitching,2023,31.0,288.9,9.32
693821,Bryce Elder,pitching,2024,10.0,25.5,2.55
693821,Bryce Elder,pitching,2025,28.0,169.8,6.06
693821,Bryce Elder,pitching,2026,15.0,183.2,12.21
554430,Zack Wheeler,pitching,2013,17.0,180.9,10.64
554430,Zack Wheeler,pitching,2014,32.0,354.2,11.07
554430,Zack Wheeler,pitching,2017,17.0,84.9,4.99
554430,Zack Wheeler,pitching,2018,29.0,398.1,13.73
554430,Zack Wheeler,pitching,2019,31.0,360.9,11.64
554430,Zack Wheeler,pitching,2020,11.0,137.9,12.54
554430,Zack Wheeler,pitching,2021,32.0,565.2,17.66
554430,Zack Wheeler,pitching,2022,26.0,395.1,15.2
554430,Zack Wheeler,pitching,2023,32.0,436.2,13.63
554430,Zack Wheeler,pitching,2024,32.0,561.2,17.54
554430,Zack Wheeler,pitching,2025,24.0,433.4,18.06
554430,Zack Wheeler,pitching,2026,10.0,175.5,17.55
667755,Jose Soriano,pitching,2023,38.0,117.0,3.08
667755,Jose Soriano,pitching,2024,22.0,216.0,9.82
667755,Jose Soriano,pitching,2025,31.0,259.9,8.38
667755,Jose Soriano,pitching,2026,15.0,214.2,14.28
676106,Emerson Hancock,pitching,2023,3.0,12.0,4.0
676106,Emerson Hancock,pitching,2024,12.0,70.2,5.85
676106,Emerson Hancock,pitching,2025,22.0,95.6,4.35
676106,Emerson Hancock,pitching,2026,14.0,180.9,12.92
695578,James Wood,hitting,2024,79.0,221.5,2.8
695578,James Wood,hitting,2025,157.0,453.5,2.89
695578,James Wood,hitting,2026,73.0,304.5,4.17
678246,Miguel Vargas,hitting,2022,18.0,21.5,1.19
678246,Miguel Vargas,hitting,2023,81.0,176.5,2.18
678246,Miguel Vargas,hitting,2024,72.0,91.5,1.27
678246,Miguel Vargas,hitting,2025,138.0,357.0,2.59
678246,Miguel Vargas,hitting,2026,69.0,257.0,3.72
682928,CJ Abrams,hitting,2022,90.0,140.0,1.56
682928,CJ Abrams,hitting,2023,151.0,448.0,2.97
682928,CJ Abrams,hitting,2024,138.0,416.0,3.01
682928,CJ Abrams,hitting,2025,144.0,445.5,3.09
682928,CJ Abrams,hitting,2026,71.0,252.5,3.56
608070,Jose Ramirez,hitting,2013,15.0,11.0,0.73
608070,Jose Ramirez,hitting,2014,68.0,138.5,2.04
608070,Jose Ramirez,hitting,2015,97.0,208.5,2.15
608070,Jose Ramirez,hitting,2016,152.0,465.0,3.06
608070,Jose Ramirez,hitting,2017,152.0,567.5,3.73
608070,Jose Ramirez,hitting,2018,157.0,668.0,4.25
608070,Jose Ramirez,hitting,2019,129.0,435.0,3.37
608070,Jose Ramirez,hitting,2020,58.0,251.5,4.34
608070,Jose Ramirez,hitting,2021,152.0,583.5,3.84
608070,Jose Ramirez,hitting,2022,157.0,587.0,3.74
608070,Jose Ramirez,hitting,2023,156.0,536.5,3.44
608070,Jose Ramirez,hitting,2024,158.0,645.0,4.08
608070,Jose Ramirez,hitting,2025,158.0,595.0,3.77
608070,Jose Ramirez,hitting,2026,72.0,252.0,3.5
701762,Nick Kurtz,hitting,2025,117.0,424.5,3.63
701762,Nick Kurtz,hitting,2026,70.0,267.5,3.82
676974,Max Meyer,pitching,2022,2.0,2.7,1.35
676974,Max Meyer,pitching,2024,11.0,51.8,4.71
676974,Max Meyer,pitching,2025,12.0,94.2,7.85
676974,Max Meyer,pitching,2026,15.0,219.2,14.61
670541,Yordan Alvarez,hitting,2019,87.0,339.0,3.9
670541,Yordan Alvarez,hitting,2020,2.0,10.5,5.25
670541,Yordan Alvarez,hitting,2021,144.0,452.5,3.14
670541,Yordan Alvarez,hitting,2022,135.0,500.0,3.7
670541,Yordan Alvarez,hitting,2023,114.0,442.0,3.88
670541,Yordan Alvarez,hitting,2024,147.0,516.5,3.51
670541,Yordan Alvarez,hitting,2025,48.0,126.5,2.64
670541,Yordan Alvarez,hitting,2026,72.0,297.0,4.12
700250,Ben Rice,hitting,2024,50.0,90.0,1.8
700250,Ben Rice,hitting,2025,138.0,367.0,2.66
700250,Ben Rice,hitting,2026,65.0,248.5,3.82
693433,Bryan Woo,pitching,2023,18.0,160.3,8.91
693433,Bryan Woo,pitching,2024,22.0,301.7,13.71
693433,Bryan Woo,pitching,2025,30.0,498.5,16.62
693433,Bryan Woo,pitching,2026,14.0,158.9,11.35
668930,Brice Turang,hitting,2023,137.0,232.0,1.69
668930,Brice Turang,hitting,2024,155.0,409.5,2.64
668930,Brice Turang,hitting,2025,156.0,462.0,2.96
668930,Brice Turang,hitting,2026,65.0,233.5,3.59
621566,Matt Olson,hitting,2016,11.0,10.0,0.91
621566,Matt Olson,hitting,2017,59.0,192.0,3.25
621566,Matt Olson,hitting,2018,162.0,418.5,2.58
621566,Matt Olson,hitting,2019,127.0,410.0,3.23
621566,Matt Olson,hitting,2020,60.0,155.5,2.59
621566,Matt Olson,hitting,2021,156.0,547.5,3.51
621566,Matt Olson,hitting,2022,162.0,464.0,2.86
621566,Matt Olson,hitting,2023,162.0,646.5,3.99
621566,Matt Olson,hitting,2024,162.0,430.0,2.65
621566,Matt Olson,hitting,2025,162.0,490.0,3.02
621566,Matt Olson,hitting,2026,71.0,253.0,3.56
691023,Jordan Walker,hitting,2023,117.0,281.0,2.4
691023,Jordan Walker,hitting,2024,51.0,81.0,1.59
691023,Jordan Walker,hitting,2025,111.0,169.0,1.52
691023,Jordan Walker,hitting,2026,68.0,248.5,3.65
669127,Shea Langeliers,hitting,2022,40.0,75.5,1.89
669127,Shea Langeliers,hitting,2023,135.0,261.5,1.94
669127,Shea Langeliers,hitting,2024,137.0,319.5,2.33
669127,Shea Langeliers,hitting,2025,123.0,391.5,3.18
669127,Shea Langeliers,hitting,2026,64.0,221.5,3.46
607259,Nick Martinez,pitching,2014,29.0,135.4,4.67
607259,Nick Martinez,pitching,2015,24.0,149.4,6.23
607259,Nick Martinez,pitching,2016,12.0,5.8,0.48
607259,Nick Martinez,pitching,2017,23.0,73.3,3.19
607259,Nick Martinez,pitching,2022,47.0,243.5,5.18
607259,Nick Martinez,pitching,2023,63.0,255.1,4.05
607259,Nick Martinez,pitching,2024,42.0,327.6,7.8
607259,Nick Martinez,pitching,2025,40.0,255.1,6.38
607259,Nick Martinez,pitching,2026,13.0,163.6,12.58
680736,Justin Wrobleski,pitching,2024,8.0,32.1,4.01
680736,Justin Wrobleski,pitching,2025,24.0,148.7,6.2
680736,Justin Wrobleski,pitching,2026,12.0,156.9,13.08
647336,Michael Soroka,pitching,2018,5.0,45.8,9.16
647336,Michael Soroka,pitching,2019,29.0,400.1,13.8
647336,Michael Soroka,pitching,2020,3.0,16.0,5.33
647336,Michael Soroka,pitching,2023,7.0,21.1,3.01
647336,Michael Soroka,pitching,2024,25.0,102.1,4.08
647336,Michael Soroka,pitching,2025,22.0,150.9,6.86
647336,Michael Soroka,pitching,2026,14.0,196.9,14.06
665833,Oneil Cruz,hitting,2021,2.0,9.0,4.5
665833,Oneil Cruz,hitting,2022,87.0,227.0,2.61
665833,Oneil Cruz,hitting,2023,9.0,32.0,3.56
665833,Oneil Cruz,hitting,2024,146.0,389.5,2.67
665833,Oneil Cruz,hitting,2025,135.0,347.0,2.57
665833,Oneil Cruz,hitting,2026,64.0,226.0,3.53
592332,Kevin Gausman,pitching,2013,20.0,62.8,3.14
592332,Kevin Gausman,pitching,2014,20.0,198.0,9.9
592332,Kevin Gausman,pitching,2015,25.0,182.9,7.32
592332,Kevin Gausman,pitching,2016,30.0,338.5,11.28
592332,Kevin Gausman,pitching,2017,34.0,253.9,7.47
592332,Kevin Gausman,pitching,2018,31.0,294.9,9.51
592332,Kevin Gausman,pitching,2019,31.0,116.9,3.77
592332,Kevin Gausman,pitching,2020,12.0,145.5,12.12
592332,Kevin Gausman,pitching,2021,33.0,519.5,15.74
592332,Kevin Gausman,pitching,2022,31.0,406.9,13.13
592332,Kevin Gausman,pitching,2023,31.0,465.9,15.03
592332,Kevin Gausman,pitching,2024,31.0,348.9,11.25
592332,Kevin Gausman,pitching,2025,32.0,412.2,12.88
592332,Kevin Gausman,pitching,2026,15.0,193.2,12.88
701542,Will Warren,pitching,2024,6.0,-18.2,-3.03
701542,Will Warren,pitching,2025,33.0,271.5,8.23
701542,Will Warren,pitching,2026,14.0,160.9,11.49
641355,Cody Bellinger,hitting,2017,132.0,467.0,3.54
641355,Cody Bellinger,hitting,2018,162.0,438.5,2.71
641355,Cody Bellinger,hitting,2019,156.0,646.0,4.14
641355,Cody Bellinger,hitting,2020,56.0,176.0,3.14
641355,Cody Bellinger,hitting,2021,95.0,158.0,1.66
641355,Cody Bellinger,hitting,2022,144.0,317.0,2.2
641355,Cody Bellinger,hitting,2023,130.0,482.5,3.71
641355,Cody Bellinger,hitting,2024,130.0,379.5,2.92
641355,Cody Bellinger,hitting,2025,152.0,499.0,3.28
641355,Cody Bellinger,hitting,2026,69.0,235.5,3.41
663436,Davis Martin,pitching,2022,14.0,75.1,5.36
663436,Davis Martin,pitching,2024,11.0,60.5,5.5
663436,Davis Martin,pitching,2025,26.0,208.8,8.03
663436,Davis Martin,pitching,2026,13.0,214.6,16.51
593958,Eduardo Rodriguez,pitching,2015,21.0,214.4,10.21
593958,Eduardo Rodriguez,pitching,2016,20.0,150.0,7.5
593958,Eduardo Rodriguez,pitching,2017,25.0,245.4,9.82
593958,Eduardo Rodriguez,pitching,2018,27.0,285.0,10.56
593958,Eduardo Rodriguez,pitching,2019,34.0,409.9,12.06
593958,Eduardo Rodriguez,pitching,2021,32.0,281.9,8.81
593958,Eduardo Rodriguez,pitching,2022,17.0,141.9,8.35
593958,Eduardo Rodriguez,pitching,2023,26.0,341.1,13.12
593958,Eduardo Rodriguez,pitching,2024,10.0,62.5,6.25
593958,Eduardo Rodriguez,pitching,2025,29.0,184.1,6.35
593958,Eduardo Rodriguez,pitching,2026,14.0,173.9,12.42
656492,Foster Griffin,pitching,2020,1.0,10.0,10.0
656492,Foster Griffin,pitching,2022,6.0,-8.0,-1.33
656492,Foster Griffin,pitching,2026,14.0,173.9,12.42
669302,Logan Gilbert,pitching,2021,24.0,210.4,8.77
669302,Logan Gilbert,pitching,2022,32.0,403.2,12.6
669302,Logan Gilbert,pitching,2023,32.0,412.2,12.88
669302,Logan Gilbert,pitching,2024,33.0,512.5,15.53
669302,Logan Gilbert,pitching,2025,25.0,331.8,13.27
669302,Logan Gilbert,pitching,2026,14.0,169.9,12.14
805808,Kevin McGonigle,hitting,2026,68.0,213.0,3.13
677951,Bobby Witt Jr.,hitting,2022,150.0,424.5,2.83
677951,Bobby Witt Jr.,hitting,2023,158.0,565.5,3.58
677951,Bobby Witt Jr.,hitting,2024,161.0,666.0,4.14
677951,Bobby Witt Jr.,hitting,2025,157.0,553.5,3.53
677951,Bobby Witt Jr.,hitting,2026,73.0,240.5,3.29
608379,Michael Wacha,pitching,2013,15.0,156.1,10.41
608379,Michael Wacha,pitching,2014,19.0,213.6,11.24
608379,Michael Wacha,pitching,2015,30.0,375.5,12.52
608379,Michael Wacha,pitching,2016,27.0,149.4,5.53
608379,Michael Wacha,pitching,2017,30.0,287.5,9.58
608379,Michael Wacha,pitching,2018,15.0,180.2,12.01
608379,Michael Wacha,pitching,2019,29.0,138.4,4.77
608379,Michael Wacha,pitching,2020,8.0,22.4,2.8
608379,Michael Wacha,pitching,2021,29.0,167.0,5.76
608379,Michael Wacha,pitching,2022,23.0,274.0,11.91
608379,Michael Wacha,pitching,2023,24.0,312.4,13.02
608379,Michael Wacha,pitching,2024,29.0,346.1,11.93
608379,Michael Wacha,pitching,2025,31.0,288.9,9.32
608379,Michael Wacha,pitching,2026,14.0,157.9,11.28
681624,Andy Pages,hitting,2024,116.0,248.0,2.14
681624,Andy Pages,hitting,2025,156.0,409.5,2.62
681624,Andy Pages,hitting,2026,71.0,230.0,3.24
650490,Yandy Diaz,hitting,2017,49.0,92.5,1.89
650490,Yandy Diaz,hitting,2018,39.0,71.5,1.83
650490,Yandy Diaz,hitting,2019,79.0,235.5,2.98
650490,Yandy Diaz,hitting,2020,34.0,80.5,2.37
650490,Yandy Diaz,hitting,2021,134.0,325.5,2.43
650490,Yandy Diaz,hitting,2022,137.0,375.0,2.74
650490,Yandy Diaz,hitting,2023,137.0,456.0,3.33
650490,Yandy Diaz,hitting,2024,145.0,347.5,2.4
650490,Yandy Diaz,hitting,2025,150.0,453.0,3.02
650490,Yandy Diaz,hitting,2026,65.0,218.5,3.36
545361,Mike Trout,hitting,2011,40.0,86.0,2.15
545361,Mike Trout,hitting,2012,139.0,616.5,4.44
545361,Mike Trout,hitting,2013,157.0,636.0,4.05
545361,Mike Trout,hitting,2014,157.0,589.0,3.75
545361,Mike Trout,hitting,2015,159.0,560.0,3.52
545361,Mike Trout,hitting,2016,159.0,631.5,3.97
545361,Mike Trout,hitting,2017,114.0,505.0,4.43
545361,Mike Trout,hitting,2018,140.0,587.0,4.19
545361,Mike Trout,hitting,2019,134.0,598.0,4.46
545361,Mike Trout,hitting,2020,53.0,217.0,4.09
545361,Mike Trout,hitting,2021,36.0,126.5,3.51
545361,Mike Trout,hitting,2022,119.0,427.5,3.59
545361,Mike Trout,hitting,2023,82.0,249.0,3.04
545361,Mike Trout,hitting,2024,29.0,104.5,3.6
545361,Mike Trout,hitting,2025,130.0,338.0,2.6
545361,Mike Trout,hitting,2026,71.0,234.0,3.3
656941,Kyle Schwarber,hitting,2015,69.0,208.5,3.02
656941,Kyle Schwarber,hitting,2016,2.0,0.0,0.0
656941,Kyle Schwarber,hitting,2017,129.0,307.0,2.38
656941,Kyle Schwarber,hitting,2018,137.0,333.0,2.43
656941,Kyle Schwarber,hitting,2019,155.0,447.0,2.88
656941,Kyle Schwarber,hitting,2020,59.0,128.0,2.17
656941,Kyle Schwarber,hitting,2021,113.0,371.5,3.29
656941,Kyle Schwarber,hitting,2022,155.0,484.0,3.12
656941,Kyle Schwarber,hitting,2023,160.0,507.5,3.17
656941,Kyle Schwarber,hitting,2024,150.0,505.5,3.37
656941,Kyle Schwarber,hitting,2025,162.0,617.5,3.81
656941,Kyle Schwarber,hitting,2026,69.0,227.5,3.3
682998,Corbin Carroll,hitting,2022,32.0,76.5,2.39
682998,Corbin Carroll,hitting,2023,155.0,581.5,3.75
682998,Corbin Carroll,hitting,2024,158.0,524.0,3.32
682998,Corbin Carroll,hitting,2025,143.0,545.5,3.81
682998,Corbin Carroll,hitting,2026,68.0,232.5,3.42
672282,Reid Detmers,pitching,2021,5.0,1.8,0.36
672282,Reid Detmers,pitching,2022,25.0,244.8,9.79
672282,Reid Detmers,pitching,2023,28.0,231.8,8.28
672282,Reid Detmers,pitching,2024,17.0,76.9,4.52
672282,Reid Detmers,pitching,2025,61.0,176.0,2.89
672282,Reid Detmers,pitching,2026,14.0,169.9,12.14
621439,Byron Buxton,hitting,2015,46.0,50.0,1.09
621439,Byron Buxton,hitting,2016,92.0,193.0,2.1
621439,Byron Buxton,hitting,2017,140.0,334.0,2.39
621439,Byron Buxton,hitting,2018,28.0,28.0,1.0
621439,Byron Buxton,hitting,2019,87.0,242.0,2.78
621439,Byron Buxton,hitting,2020,39.0,107.0,2.74
621439,Byron Buxton,hitting,2021,61.0,239.0,3.92
621439,Byron Buxton,hitting,2022,92.0,286.0,3.11
621439,Byron Buxton,hitting,2023,85.0,223.5,2.63
621439,Byron Buxton,hitting,2024,102.0,294.5,2.89
621439,Byron Buxton,hitting,2025,126.0,471.0,3.74
621439,Byron Buxton,hitting,2026,61.0,229.0,3.75
650633,Michael King,pitching,2019,1.0,5.0,5.0
650633,Michael King,pitching,2020,9.0,3.4,0.38
650633,Michael King,pitching,2021,22.0,115.1,5.23
650633,Michael King,pitching,2022,34.0,206.0,6.06
650633,Michael King,pitching,2023,49.0,302.1,6.17
650633,Michael King,pitching,2024,31.0,429.5,13.85
650633,Michael King,pitching,2025,15.0,160.2,10.68
650633,Michael King,pitching,2026,14.0,157.9,11.28
547180,Bryce Harper,hitting,2012,139.0,431.0,3.1
547180,Bryce Harper,hitting,2013,118.0,368.0,3.12
547180,Bryce Harper,hitting,2014,100.0,205.0,2.05
547180,Bryce Harper,hitting,2015,153.0,611.5,4.0
547180,Bryce Harper,hitting,2016,147.0,466.5,3.17
547180,Bryce Harper,hitting,2017,111.0,442.5,3.99
547180,Bryce Harper,hitting,2018,159.0,543.5,3.42
547180,Bryce Harper,hitting,2019,157.0,537.0,3.42
547180,Bryce Harper,hitting,2020,58.0,215.5,3.72
547180,Bryce Harper,hitting,2021,141.0,534.0,3.79
547180,Bryce Harper,hitting,2022,99.0,328.5,3.32
547180,Bryce Harper,hitting,2023,126.0,418.5,3.32
547180,Bryce Harper,hitting,2024,145.0,462.0,3.19
547180,Bryce Harper,hitting,2025,132.0,423.5,3.21
547180,Bryce Harper,hitting,2026,72.0,224.0,3.11
701398,Sal Stewart,hitting,2025,18.0,43.5,2.42
701398,Sal Stewart,hitting,2026,71.0,219.5,3.09
668227,Randy Arozarena,hitting,2019,19.0,20.0,1.05
668227,Randy Arozarena,hitting,2020,23.0,73.0,3.17
668227,Randy Arozarena,hitting,2021,141.0,412.0,2.92
668227,Randy Arozarena,hitting,2022,153.0,436.0,2.85
668227,Randy Arozarena,hitting,2023,151.0,456.0,3.02
668227,Randy Arozarena,hitting,2024,154.0,383.5,2.49
668227,Randy Arozarena,hitting,2025,160.0,474.5,2.97
668227,Randy Arozarena,hitting,2026,71.0,229.0,3.23
669364,Xavier Edwards,hitting,2023,30.0,47.0,1.57
669364,Xavier Edwards,hitting,2024,70.0,242.0,3.46
669364,Xavier Edwards,hitting,2025,139.0,365.0,2.63
669364,Xavier Edwards,hitting,2026,73.0,214.0,2.93
672640,Otto Lopez,hitting,2021,1.0,-0.5,-0.5
672640,Otto Lopez,hitting,2022,8.0,8.5,1.06
672640,Otto Lopez,hitting,2024,117.0,251.5,2.15
672640,Otto Lopez,hitting,2025,143.0,364.0,2.55
672640,Otto Lopez,hitting,2026,72.0,221.0,3.07
690997,Nolan McLean,pitching,2025,8.0,146.8,18.35
690997,Nolan McLean,pitching,2026,14.0,150.9,10.78
664040,Brandon Lowe,hitting,2018,43.0,98.0,2.28
664040,Brandon Lowe,hitting,2019,82.0,227.5,2.77
664040,Brandon Lowe,hitting,2020,56.0,184.0,3.29
664040,Brandon Lowe,hitting,2021,149.0,480.5,3.22
664040,Brandon Lowe,hitting,2022,65.0,146.5,2.25
664040,Brandon Lowe,hitting,2023,109.0,295.5,2.71
664040,Brandon Lowe,hitting,2024,107.0,280.0,2.62
664040,Brandon Lowe,hitting,2025,134.0,367.5,2.74
664040,Brandon Lowe,hitting,2026,66.0,212.5,3.22
665742,Juan Soto,hitting,2018,116.0,389.5,3.36
665742,Juan Soto,hitting,2019,150.0,574.0,3.83
665742,Juan Soto,hitting,2020,47.0,220.0,4.68
665742,Juan Soto,hitting,2021,151.0,562.5,3.73
665742,Juan Soto,hitting,2022,153.0,481.0,3.14
665742,Juan Soto,hitting,2023,162.0,571.5,3.53
665742,Juan Soto,hitting,2024,157.0,638.5,4.07
665742,Juan Soto,hitting,2025,160.0,644.5,4.03
665742,Juan Soto,hitting,2026,55.0,199.5,3.63
813349,Connelly Early,pitching,2025,4.0,59.4,14.85
813349,Connelly Early,pitching,2026,14.0,135.9,9.71
676475,Alec Burleson,hitting,2022,16.0,21.5,1.34
676475,Alec Burleson,hitting,2023,107.0,188.5,1.76
676475,Alec Burleson,hitting,2024,152.0,386.0,2.54
676475,Alec Burleson,hitting,2025,139.0,348.5,2.51
676475,Alec Burleson,hitting,2026,68.0,224.5,3.3
684007,Shota Imanaga,pitching,2024,29.0,445.1,15.35
684007,Shota Imanaga,pitching,2025,25.0,296.8,11.87
684007,Shota Imanaga,pitching,2026,14.0,149.9,10.71
802139,JJ Wetherholt,hitting,2026,65.0,208.5,3.21
668804,Bryan Reynolds,hitting,2019,134.0,384.5,2.87
668804,Bryan Reynolds,hitting,2020,55.0,101.5,1.85
668804,Bryan Reynolds,hitting,2021,159.0,496.5,3.12
668804,Bryan Reynolds,hitting,2022,145.0,383.5,2.64
668804,Bryan Reynolds,hitting,2023,145.0,434.0,2.99
668804,Bryan Reynolds,hitting,2024,156.0,439.0,2.81
668804,Bryan Reynolds,hitting,2025,154.0,343.5,2.23
668804,Bryan Reynolds,hitting,2026,72.0,227.0,3.15
693307,Dillon Dingler,hitting,2024,27.0,25.0,0.93
693307,Dillon Dingler,hitting,2025,126.0,268.0,2.13
693307,Dillon Dingler,hitting,2026,64.0,199.5,3.12
687263,Zach Neto,hitting,2023,84.0,182.5,2.17
687263,Zach Neto,hitting,2024,155.0,408.0,2.63
687263,Zach Neto,hitting,2025,128.0,392.5,3.07
687263,Zach Neto,hitting,2026,69.0,204.0,2.96
689414,Liam Hicks,hitting,2025,119.0,220.0,1.85
689414,Liam Hicks,hitting,2026,70.0,224.0,3.2
691406,Junior Caminero,hitting,2023,7.0,19.0,2.71
691406,Junior Caminero,hitting,2024,43.0,98.0,2.28
691406,Junior Caminero,hitting,2025,154.0,488.5,3.17
691406,Junior Caminero,hitting,2026,68.0,201.5,2.96
543135,Nathan Eovaldi,pitching,2011,10.0,50.1,5.01
543135,Nathan Eovaldi,pitching,2012,22.0,127.7,5.8
543135,Nathan Eovaldi,pitching,2013,18.0,176.3,9.79
543135,Nathan Eovaldi,pitching,2014,33.0,245.5,7.44
543135,Nathan Eovaldi,pitching,2015,27.0,233.5,8.65
543135,Nathan Eovaldi,pitching,2016,24.0,173.4,7.23
543135,Nathan Eovaldi,pitching,2018,22.0,217.4,9.88
543135,Nathan Eovaldi,pitching,2019,23.0,64.2,2.79
543135,Nathan Eovaldi,pitching,2020,9.0,103.2,11.47
543135,Nathan Eovaldi,pitching,2021,32.0,377.2,11.79
543135,Nathan Eovaldi,pitching,2022,20.0,205.0,10.25
543135,Nathan Eovaldi,pitching,2023,25.0,301.8,12.07
543135,Nathan Eovaldi,pitching,2024,29.0,353.1,12.18
543135,Nathan Eovaldi,pitching,2025,22.0,399.7,18.17
543135,Nathan Eovaldi,pitching,2026,14.0,156.9,11.21
700241,Michael McGreevy,pitching,2024,4.0,69.0,17.25
700241,Michael McGreevy,pitching,2025,17.0,134.6,7.92
700241,Michael McGreevy,pitching,2026,14.0,151.9,10.85
669923,George Kirby,pitching,2022,25.0,279.8,11.19
669923,George Kirby,pitching,2023,31.0,420.9,13.58
669923,George Kirby,pitching,2024,33.0,416.5,12.62
669923,George Kirby,pitching,2025,23.0,252.0,10.96
669923,George Kirby,pitching,2026,14.0,138.9,9.92
677960,Ryan Weathers,pitching,2021,30.0,99.3,3.31
677960,Ryan Weathers,pitching,2022,1.0,-6.7,-6.7
677960,Ryan Weathers,pitching,2023,15.0,15.2,1.01
677960,Ryan Weathers,pitching,2024,16.0,165.6,10.35
677960,Ryan Weathers,pitching,2025,8.0,69.8,8.72
677960,Ryan Weathers,pitching,2026,13.0,133.6,10.28
671056,Ivan Herrera,hitting,2022,11.0,1.0,0.09
671056,Ivan Herrera,hitting,2023,13.0,23.5,1.81
671056,Ivan Herrera,hitting,2024,72.0,169.5,2.35
671056,Ivan Herrera,hitting,2025,107.0,310.0,2.9
671056,Ivan Herrera,hitting,2026,69.0,219.0,3.17
624133,Ranger Suarez,pitching,2018,4.0,10.0,2.5
624133,Ranger Suarez,pitching,2019,37.0,117.0,3.16
624133,Ranger Suarez,pitching,2020,3.0,-29.0,-9.67
624133,Ranger Suarez,pitching,2021,39.0,334.2,8.57
624133,Ranger Suarez,pitching,2022,29.0,276.1,9.52
624133,Ranger Suarez,pitching,2023,22.0,186.7,8.49
624133,Ranger Suarez,pitching,2024,27.0,321.5,11.91
624133,Ranger Suarez,pitching,2025,26.0,340.1,13.08
624133,Ranger Suarez,pitching,2026,13.0,146.6,11.28
691718,Pete Crow-Armstrong,hitting,2023,13.0,5.5,0.42
691718,Pete Crow-Armstrong,hitting,2024,123.0,261.0,2.12
691718,Pete Crow-Armstrong,hitting,2025,157.0,491.5,3.13
691718,Pete Crow-Armstrong,hitting,2026,72.0,218.5,3.03
664023,Ian Happ,hitting,2017,115.0,295.5,2.57
664023,Ian Happ,hitting,2018,142.0,253.5,1.79
664023,Ian Happ,hitting,2019,58.0,132.5,2.28
664023,Ian Happ,hitting,2020,57.0,153.5,2.69
664023,Ian Happ,hitting,2021,148.0,324.0,2.19
664023,Ian Happ,hitting,2022,158.0,388.5,2.46
664023,Ian Happ,hitting,2023,158.0,461.5,2.92
664023,Ian Happ,hitting,2024,153.0,445.0,2.91
664023,Ian Happ,hitting,2025,150.0,419.5,2.8
664023,Ian Happ,hitting,2026,68.0,202.0,2.97
543243,Sonny Gray,pitching,2013,12.0,164.5,13.71
543243,Sonny Gray,pitching,2014,33.0,447.5,13.56
543243,Sonny Gray,pitching,2015,31.0,474.9,15.32
543243,Sonny Gray,pitching,2016,22.0,95.7,4.35
543243,Sonny Gray,pitching,2017,27.0,325.5,12.06
543243,Sonny Gray,pitching,2018,30.0,173.0,5.77
543243,Sonny Gray,pitching,2019,31.0,451.9,14.58
543243,Sonny Gray,pitching,2020,11.0,135.9,12.35
543243,Sonny Gray,pitching,2021,26.0,262.1,10.08
543243,Sonny Gray,pitching,2022,24.0,276.4,11.52
543243,Sonny Gray,pitching,2023,32.0,422.2,13.19
543243,Sonny Gray,pitching,2024,28.0,394.8,14.1
543243,Sonny Gray,pitching,2025,32.0,358.2,11.19
543243,Sonny Gray,pitching,2026,12.0,145.2,12.1
572233,Christian Walker,hitting,2014,6.0,5.5,0.92
572233,Christian Walker,hitting,2015,7.0,2.0,0.29
572233,Christian Walker,hitting,2017,11.0,14.5,1.32
572233,Christian Walker,hitting,2018,37.0,25.0,0.68
572233,Christian Walker,hitting,2019,152.0,410.5,2.7
572233,Christian Walker,hitting,2020,57.0,161.0,2.82
572233,Christian Walker,hitting,2021,115.0,235.0,2.04
572233,Christian Walker,hitting,2022,160.0,454.5,2.84
572233,Christian Walker,hitting,2023,157.0,493.5,3.14
572233,Christian Walker,hitting,2024,130.0,368.5,2.83
572233,Christian Walker,hitting,2025,154.0,361.5,2.35
572233,Christian Walker,hitting,2026,72.0,217.0,3.01
518692,Freddie Freeman,hitting,2010,20.0,7.0,0.35
518692,Freddie Freeman,hitting,2011,157.0,376.0,2.39
518692,Freddie Freeman,hitting,2012,147.0,431.5,2.94
518692,Freddie Freeman,hitting,2013,147.0,478.5,3.26
518692,Freddie Freeman,hitting,2014,162.0,460.5,2.84
518692,Freddie Freeman,hitting,2015,118.0,337.0,2.86
518692,Freddie Freeman,hitting,2016,158.0,540.5,3.42
518692,Freddie Freeman,hitting,2017,117.0,439.5,3.76
518692,Freddie Freeman,hitting,2018,162.0,527.0,3.25
518692,Freddie Freeman,hitting,2019,158.0,583.5,3.69
518692,Freddie Freeman,hitting,2020,60.0,268.5,4.47
518692,Freddie Freeman,hitting,2021,159.0,546.5,3.44
518692,Freddie Freeman,hitting,2022,159.0,585.0,3.68
518692,Freddie Freeman,hitting,2023,161.0,652.5,4.05
518692,Freddie Freeman,hitting,2024,147.0,469.0,3.19
518692,Freddie Freeman,hitting,2025,147.0,449.0,3.05
518692,Freddie Freeman,hitting,2026,69.0,206.5,2.99
696100,Hunter Goodman,hitting,2023,23.0,43.0,1.87
696100,Hunter Goodman,hitting,2024,70.0,123.0,1.76
696100,Hunter Goodman,hitting,2025,144.0,390.0,2.71
696100,Hunter Goodman,hitting,2026,66.0,200.5,3.04
645277,Ozzie Albies,hitting,2017,57.0,179.0,3.14
645277,Ozzie Albies,hitting,2018,158.0,465.0,2.94
645277,Ozzie Albies,hitting,2019,160.0,534.0,3.34
645277,Ozzie Albies,hitting,2020,29.0,91.0,3.14
645277,Ozzie Albies,hitting,2021,156.0,534.0,3.42
645277,Ozzie Albies,hitting,2022,64.0,167.5,2.62
645277,Ozzie Albies,hitting,2023,148.0,527.5,3.56
645277,Ozzie Albies,hitting,2024,99.0,274.5,2.77
645277,Ozzie Albies,hitting,2025,157.0,396.0,2.52
645277,Ozzie Albies,hitting,2026,71.0,204.5,2.88
660670,Ronald Acuna Jr.,hitting,2018,111.0,393.5,3.55
660670,Ronald Acuna Jr.,hitting,2019,156.0,600.0,3.85
660670,Ronald Acuna Jr.,hitting,2020,46.0,192.0,4.17
660670,Ronald Acuna Jr.,hitting,2021,82.0,344.5,4.2
660670,Ronald Acuna Jr.,hitting,2022,119.0,353.0,2.97
660670,Ronald Acuna Jr.,hitting,2023,159.0,802.0,5.04
660670,Ronald Acuna Jr.,hitting,2024,49.0,151.5,3.09
660670,Ronald Acuna Jr.,hitting,2025,95.0,326.0,3.43
660670,Ronald Acuna Jr.,hitting,2026,53.0,171.0,3.23
657277,Logan Webb,pitching,2019,8.0,46.8,5.85
657277,Logan Webb,pitching,2020,13.0,44.8,3.45
657277,Logan Webb,pitching,2021,27.0,363.1,13.45
657277,Logan Webb,pitching,2022,32.0,427.2,13.35
657277,Logan Webb,pitching,2023,33.0,459.5,13.92
657277,Logan Webb,pitching,2024,33.0,391.5,11.86
657277,Logan Webb,pitching,2025,34.0,466.9,13.73
657277,Logan Webb,pitching,2026,12.0,145.2,12.1
608331,Max Fried,pitching,2017,9.0,30.4,3.38
608331,Max Fried,pitching,2018,14.0,77.8,5.56
608331,Max Fried,pitching,2019,33.0,330.5,10.02
608331,Max Fried,pitching,2020,11.0,153.9,13.99
608331,Max Fried,pitching,2021,28.0,393.8,14.06
608331,Max Fried,pitching,2022,30.0,477.5,15.92
608331,Max Fried,pitching,2023,14.0,207.9,14.85
608331,Max Fried,pitching,2024,29.0,373.1,12.87
608331,Max Fried,pitching,2025,32.0,483.2,15.1
608331,Max Fried,pitching,2026,10.0,134.5,13.45
592450,Aaron Judge,hitting,2016,27.0,35.0,1.3
592450,Aaron Judge,hitting,2017,155.0,609.0,3.93
592450,Aaron Judge,hitting,2018,112.0,365.0,3.26
592450,Aaron Judge,hitting,2019,102.0,323.5,3.17
592450,Aaron Judge,hitting,2020,28.0,91.0,3.25
592450,Aaron Judge,hitting,2021,148.0,480.0,3.24
592450,Aaron Judge,hitting,2022,157.0,699.5,4.46
592450,Aaron Judge,hitting,2023,106.0,402.0,3.79
592450,Aaron Judge,hitting,2024,158.0,712.5,4.51
592450,Aaron Judge,hitting,2025,152.0,677.0,4.45
592450,Aaron Judge,hitting,2026,59.0,202.0,3.42
677594,Julio Rodriguez,hitting,2022,132.0,430.5,3.26
677594,Julio Rodriguez,hitting,2023,155.0,542.5,3.5
677594,Julio Rodriguez,hitting,2024,143.0,375.0,2.62
677594,Julio Rodriguez,hitting,2025,160.0,529.0,3.31
677594,Julio Rodriguez,hitting,2026,73.0,204.0,2.79
650333,Luis Arraez,hitting,2019,92.0,247.5,2.69
650333,Luis Arraez,hitting,2020,32.0,74.5,2.33
650333,Luis Arraez,hitting,2021,121.0,275.0,2.27
650333,Luis Arraez,hitting,2022,144.0,396.5,2.75
650333,Luis Arraez,hitting,2023,147.0,417.0,2.84
650333,Luis Arraez,hitting,2024,150.0,393.5,2.62
650333,Luis Arraez,hitting,2025,154.0,401.5,2.61
650333,Luis Arraez,hitting,2026,69.0,198.5,2.88
606466,Ketel Marte,hitting,2015,57.0,143.5,2.52
606466,Ketel Marte,hitting,2016,119.0,214.0,1.8
606466,Ketel Marte,hitting,2017,73.0,149.5,2.05
606466,Ketel Marte,hitting,2018,153.0,370.5,2.42
606466,Ketel Marte,hitting,2019,144.0,551.0,3.83
606466,Ketel Marte,hitting,2020,45.0,110.5,2.46
606466,Ketel Marte,hitting,2021,90.0,282.0,3.13
606466,Ketel Marte,hitting,2022,137.0,327.5,2.39
606466,Ketel Marte,hitting,2023,150.0,471.5,3.14
606466,Ketel Marte,hitting,2024,136.0,491.0,3.61
606466,Ketel Marte,hitting,2025,126.0,432.5,3.43
606466,Ketel Marte,hitting,2026,67.0,194.5,2.9
695734,Daylen Lile,hitting,2025,91.0,254.0,2.79
695734,Daylen Lile,hitting,2026,72.0,206.0,2.86
663538,Nico Hoerner,hitting,2019,20.0,58.5,2.92
663538,Nico Hoerner,hitting,2020,48.0,64.0,1.33
663538,Nico Hoerner,hitting,2021,44.0,95.5,2.17
663538,Nico Hoerner,hitting,2022,135.0,344.5,2.55
663538,Nico Hoerner,hitting,2023,150.0,491.5,3.28
663538,Nico Hoerner,hitting,2024,151.0,422.0,2.79
663538,Nico Hoerner,hitting,2025,156.0,455.5,2.92
663538,Nico Hoerner,hitting,2026,70.0,193.5,2.76
682829,Elly De La Cruz,hitting,2023,98.0,291.0,2.97
682829,Elly De La Cruz,hitting,2024,160.0,544.0,3.4
682829,Elly De La Cruz,hitting,2025,162.0,495.5,3.06
682829,Elly De La Cruz,hitting,2026,58.0,194.0,3.34
669477,Casey Schmitt,hitting,2023,90.0,121.5,1.35
669477,Casey Schmitt,hitting,2024,40.0,68.5,1.71
669477,Casey Schmitt,hitting,2025,95.0,183.5,1.93
669477,Casey Schmitt,hitting,2026,64.0,192.5,3.01
666018,Jonathan Aranda,hitting,2022,32.0,37.5,1.17
666018,Jonathan Aranda,hitting,2023,34.0,56.5,1.66
666018,Jonathan Aranda,hitting,2024,44.0,87.0,1.98
666018,Jonathan Aranda,hitting,2025,106.0,280.5,2.65
666018,Jonathan Aranda,hitting,2026,67.0,196.0,2.93
661388,William Contreras,hitting,2020,4.0,4.0,1.0
661388,William Contreras,hitting,2021,52.0,98.0,1.88
661388,William Contreras,hitting,2022,97.0,252.0,2.6
661388,William Contreras,hitting,2023,141.0,404.0,2.87
661388,William Contreras,hitting,2024,155.0,476.5,3.07
661388,William Contreras,hitting,2025,150.0,412.0,2.75
661388,William Contreras,hitting,2026,65.0,188.5,2.9
624413,Pete Alonso,hitting,2019,161.0,561.5,3.49
624413,Pete Alonso,hitting,2020,57.0,165.5,2.9
624413,Pete Alonso,hitting,2021,152.0,460.5,3.03
624413,Pete Alonso,hitting,2022,160.0,542.0,3.39
624413,Pete Alonso,hitting,2023,154.0,496.5,3.22
624413,Pete Alonso,hitting,2024,162.0,447.0,2.76
624413,Pete Alonso,hitting,2025,162.0,512.0,3.16
624413,Pete Alonso,hitting,2026,73.0,220.0,3.01
668939,Adley Rutschman,hitting,2022,113.0,319.0,2.82
668939,Adley Rutschman,hitting,2023,154.0,449.5,2.92
668939,Adley Rutschman,hitting,2024,148.0,371.5,2.51
668939,Adley Rutschman,hitting,2025,90.0,188.5,2.09
668939,Adley Rutschman,hitting,2026,51.0,159.5,3.13
671739,Michael Harris II,hitting,2022,114.0,355.5,3.12
671739,Michael Harris II,hitting,2023,138.0,381.5,2.76
671739,Michael Harris II,hitting,2024,110.0,278.0,2.53
671739,Michael Harris II,hitting,2025,160.0,373.0,2.33
671739,Michael Harris II,hitting,2026,67.0,190.0,2.84
666200,Jesus Luzardo,pitching,2019,6.0,53.0,8.83
666200,Jesus Luzardo,pitching,2020,12.0,101.1,8.42
666200,Jesus Luzardo,pitching,2021,25.0,67.3,2.69
666200,Jesus Luzardo,pitching,2022,18.0,244.3,13.57
666200,Jesus Luzardo,pitching,2023,32.0,391.2,12.22
666200,Jesus Luzardo,pitching,2024,12.0,90.2,7.52
666200,Jesus Luzardo,pitching,2025,32.0,403.2,12.6
666200,Jesus Luzardo,pitching,2026,14.0,138.9,9.92
575929,Willson Contreras,hitting,2016,76.0,182.5,2.4
575929,Willson Contreras,hitting,2017,117.0,304.0,2.6
575929,Willson Contreras,hitting,2018,138.0,287.5,2.08
575929,Willson Contreras,hitting,2019,105.0,305.0,2.9
575929,Willson Contreras,hitting,2020,57.0,139.5,2.45
575929,Willson Contreras,hitting,2021,128.0,291.0,2.27
575929,Willson Contreras,hitting,2022,113.0,323.5,2.86
575929,Willson Contreras,hitting,2023,125.0,327.5,2.62
575929,Willson Contreras,hitting,2024,84.0,234.0,2.79
575929,Willson Contreras,hitting,2025,135.0,359.0,2.66
575929,Willson Contreras,hitting,2026,67.0,210.5,3.14
691016,Tyler Soderstrom,hitting,2023,45.0,30.5,0.68
691016,Tyler Soderstrom,hitting,2024,61.0,114.5,1.88
691016,Tyler Soderstrom,hitting,2025,158.0,419.5,2.66
691016,Tyler Soderstrom,hitting,2026,68.0,195.5,2.88
663757,Trent Grisham,hitting,2019,51.0,111.0,2.18
663757,Trent Grisham,hitting,2020,59.0,186.0,3.15
663757,Trent Grisham,hitting,2021,132.0,325.5,2.47
663757,Trent Grisham,hitting,2022,152.0,264.0,1.74
663757,Trent Grisham,hitting,2023,153.0,305.0,1.99
663757,Trent Grisham,hitting,2024,76.0,114.5,1.51
663757,Trent Grisham,hitting,2025,143.0,404.5,2.83
663757,Trent Grisham,hitting,2026,66.0,190.0,2.88
665862,Jazz Chisholm Jr.,hitting,2020,21.0,30.5,1.45
665862,Jazz Chisholm Jr.,hitting,2021,124.0,320.5,2.58
665862,Jazz Chisholm Jr.,hitting,2022,60.0,208.0,3.47
665862,Jazz Chisholm Jr.,hitting,2023,97.0,268.0,2.76
665862,Jazz Chisholm Jr.,hitting,2024,147.0,437.0,2.97
665862,Jazz Chisholm Jr.,hitting,2025,130.0,418.0,3.22
665862,Jazz Chisholm Jr.,hitting,2026,67.0,188.5,2.81
695657,Colson Montgomery,hitting,2025,71.0,215.5,3.04
695657,Colson Montgomery,hitting,2026,67.0,181.0,2.7
641343,Jake Bauers,hitting,2018,96.0,228.0,2.38
641343,Jake Bauers,hitting,2019,117.0,217.5,1.86
641343,Jake Bauers,hitting,2021,115.0,127.0,1.1
641343,Jake Bauers,hitting,2023,84.0,138.5,1.65
641343,Jake Bauers,hitting,2024,117.0,207.0,1.77
641343,Jake Bauers,hitting,2025,86.0,147.5,1.72
641343,Jake Bauers,hitting,2026,60.0,206.0,3.43
663656,Kyle Tucker,hitting,2018,28.0,28.5,1.02
663656,Kyle Tucker,hitting,2019,22.0,66.0,3.0
663656,Kyle Tucker,hitting,2020,58.0,190.0,3.28
663656,Kyle Tucker,hitting,2021,140.0,482.0,3.44
663656,Kyle Tucker,hitting,2022,150.0,485.5,3.24
663656,Kyle Tucker,hitting,2023,157.0,587.0,3.74
663656,Kyle Tucker,hitting,2024,78.0,314.0,4.03
663656,Kyle Tucker,hitting,2025,136.0,482.0,3.54
663656,Kyle Tucker,hitting,2026,68.0,193.0,2.84
645261,Sandy Alcantara,pitching,2017,8.0,8.0,1.0
645261,Sandy Alcantara,pitching,2018,6.0,59.1,9.85
645261,Sandy Alcantara,pitching,2019,32.0,287.2,8.97
645261,Sandy Alcantara,pitching,2020,7.0,93.4,13.34
645261,Sandy Alcantara,pitching,2021,33.0,448.5,13.59
645261,Sandy Alcantara,pitching,2022,32.0,585.2,18.29
645261,Sandy Alcantara,pitching,2023,28.0,286.8,10.24
645261,Sandy Alcantara,pitching,2025,31.0,208.9,6.74
645261,Sandy Alcantara,pitching,2026,15.0,144.2,9.61
642547,Freddy Peralta,pitching,2018,16.0,169.9,10.62
642547,Freddy Peralta,pitching,2019,39.0,152.8,3.92
642547,Freddy Peralta,pitching,2020,15.0,81.3,5.42
642547,Freddy Peralta,pitching,2021,28.0,418.5,14.95
642547,Freddy Peralta,pitching,2022,18.0,181.9,10.11
642547,Freddy Peralta,pitching,2023,30.0,391.5,13.05
642547,Freddy Peralta,pitching,2024,32.0,374.2,11.69
642547,Freddy Peralta,pitching,2025,33.0,488.5,14.8
642547,Freddy Peralta,pitching,2026,15.0,150.2,10.01
571970,Max Muncy,hitting,2015,45.0,56.5,1.26
571970,Max Muncy,hitting,2016,51.0,56.0,1.1
571970,Max Muncy,hitting,2018,137.0,404.5,2.95
571970,Max Muncy,hitting,2019,141.0,475.5,3.37
571970,Max Muncy,hitting,2020,58.0,154.0,2.66
571970,Max Muncy,hitting,2021,144.0,481.0,3.34
571970,Max Muncy,hitting,2022,136.0,342.5,2.52
571970,Max Muncy,hitting,2023,135.0,435.5,3.23
571970,Max Muncy,hitting,2024,73.0,224.5,3.08
571970,Max Muncy,hitting,2025,100.0,294.5,2.94
571970,Max Muncy,hitting,2026,66.0,190.0,2.88
669372,J.T. Ginn,pitching,2024,8.0,48.1,6.01
669372,J.T. Ginn,pitching,2025,23.0,128.6,5.59
669372,J.T. Ginn,pitching,2026,15.0,150.2,10.01
683002,Gunnar Henderson,hitting,2022,34.0,80.0,2.35
683002,Gunnar Henderson,hitting,2023,150.0,442.5,2.95
683002,Gunnar Henderson,hitting,2024,159.0,584.5,3.68
683002,Gunnar Henderson,hitting,2025,154.0,454.5,2.95
683002,Gunnar Henderson,hitting,2026,72.0,193.0,2.68
694738,Landen Roupp,pitching,2024,23.0,80.4,3.5
694738,Landen Roupp,pitching,2025,22.0,183.7,8.35
694738,Landen Roupp,pitching,2026,14.0,140.9,10.06
665489,Vladimir Guerrero Jr.,hitting,2019,123.0,306.5,2.49
665489,Vladimir Guerrero Jr.,hitting,2020,60.0,168.0,2.8
665489,Vladimir Guerrero Jr.,hitting,2021,161.0,621.0,3.86
665489,Vladimir Guerrero Jr.,hitting,2022,160.0,486.0,3.04
665489,Vladimir Guerrero Jr.,hitting,2023,156.0,449.0,2.88
665489,Vladimir Guerrero Jr.,hitting,2024,159.0,551.0,3.47
665489,Vladimir Guerrero Jr.,hitting,2025,156.0,487.0,3.12
665489,Vladimir Guerrero Jr.,hitting,2026,68.0,180.0,2.65
683737,Michael Busch,hitting,2023,27.0,33.5,1.24
683737,Michael Busch,hitting,2024,152.0,336.0,2.21
683737,Michael Busch,hitting,2025,155.0,444.5,2.87
683737,Michael Busch,hitting,2026,71.0,197.5,2.78
621493,Taylor Ward,hitting,2018,40.0,67.5,1.69
621493,Taylor Ward,hitting,2019,20.0,13.5,0.68
621493,Taylor Ward,hitting,2020,34.0,54.0,1.59
621493,Taylor Ward,hitting,2021,65.0,152.5,2.35
621493,Taylor Ward,hitting,2022,135.0,378.0,2.8
621493,Taylor Ward,hitting,2023,97.0,261.0,2.69
621493,Taylor Ward,hitting,2024,156.0,382.5,2.45
621493,Taylor Ward,hitting,2025,157.0,448.5,2.86
621493,Taylor Ward,hitting,2026,72.0,188.5,2.62
676391,Ernie Clement,hitting,2021,40.0,61.5,1.54
676391,Ernie Clement,hitting,2022,70.0,55.0,0.79
676391,Ernie Clement,hitting,2023,30.0,43.0,1.43
676391,Ernie Clement,hitting,2024,139.0,279.5,2.01
676391,Ernie Clement,hitting,2025,157.0,344.5,2.19
676391,Ernie Clement,hitting,2026,71.0,183.0,2.58
680776,Jarren Duran,hitting,2021,33.0,49.0,1.48
680776,Jarren Duran,hitting,2022,58.0,112.5,1.94
680776,Jarren Duran,hitting,2023,102.0,271.0,2.66
680776,Jarren Duran,hitting,2024,160.0,551.0,3.44
680776,Jarren Duran,hitting,2025,157.0,467.5,2.98
680776,Jarren Duran,hitting,2026,64.0,170.0,2.66
682985,Riley Greene,hitting,2022,93.0,193.0,2.08
682985,Riley Greene,hitting,2023,99.0,243.0,2.45
682985,Riley Greene,hitting,2024,137.0,396.0,2.89
682985,Riley Greene,hitting,2025,157.0,429.5,2.74
682985,Riley Greene,hitting,2026,71.0,176.0,2.48
647304,Josh Naylor,hitting,2019,94.0,153.0,1.63
647304,Josh Naylor,hitting,2020,40.0,51.0,1.27
647304,Josh Naylor,hitting,2021,69.0,130.5,1.89
647304,Josh Naylor,hitting,2022,122.0,331.0,2.71
647304,Josh Naylor,hitting,2023,121.0,378.0,3.12
647304,Josh Naylor,hitting,2024,152.0,454.5,2.99
647304,Josh Naylor,hitting,2025,147.0,475.5,3.23
647304,Josh Naylor,hitting,2026,68.0,177.0,2.6
673962,Josh Jung,hitting,2022,26.0,50.5,1.94
673962,Josh Jung,hitting,2023,122.0,319.5,2.62
673962,Josh Jung,hitting,2024,46.0,102.0,2.22
673962,Josh Jung,hitting,2025,131.0,263.5,2.01
673962,Josh Jung,hitting,2026,66.0,171.5,2.6
669016,Brandon Marsh,hitting,2021,70.0,114.5,1.64
669016,Brandon Marsh,hitting,2022,134.0,228.0,1.7
669016,Brandon Marsh,hitting,2023,133.0,308.0,2.32
669016,Brandon Marsh,hitting,2024,135.0,298.0,2.21
669016,Brandon Marsh,hitting,2025,133.0,264.0,1.98
669016,Brandon Marsh,hitting,2026,67.0,179.0,2.67
808982,Jung Hoo Lee,hitting,2024,37.0,74.5,2.01
808982,Jung Hoo Lee,hitting,2025,150.0,388.5,2.59
808982,Jung Hoo Lee,hitting,2026,64.0,172.5,2.7
607625,Seth Lugo,pitching,2016,17.0,136.8,8.05
607625,Seth Lugo,pitching,2017,19.0,141.3,7.44
607625,Seth Lugo,pitching,2018,54.0,272.8,5.05
607625,Seth Lugo,pitching,2019,61.0,316.0,5.18
607625,Seth Lugo,pitching,2020,16.0,78.4,4.9
607625,Seth Lugo,pitching,2021,46.0,142.0,3.09
607625,Seth Lugo,pitching,2022,62.0,182.0,2.94
607625,Seth Lugo,pitching,2023,26.0,293.1,11.27
607625,Seth Lugo,pitching,2024,33.0,468.5,14.2
607625,Seth Lugo,pitching,2025,26.0,233.1,8.97
607625,Seth Lugo,pitching,2026,14.0,120.9,8.64
677587,Brayan Rocchio,hitting,2023,23.0,29.5,1.28
677587,Brayan Rocchio,hitting,2024,143.0,217.0,1.52
677587,Brayan Rocchio,hitting,2025,115.0,194.5,1.69
677587,Brayan Rocchio,hitting,2026,69.0,177.5,2.57
669022,MacKenzie Gore,pitching,2022,16.0,106.6,6.66
669022,MacKenzie Gore,pitching,2023,27.0,231.5,8.57
669022,MacKenzie Gore,pitching,2024,32.0,300.2,9.38
669022,MacKenzie Gore,pitching,2025,30.0,281.5,9.38
669022,MacKenzie Gore,pitching,2026,14.0,126.9,9.06
607208,Trea Turner,hitting,2015,27.0,19.0,0.7
607208,Trea Turner,hitting,2016,73.0,311.5,4.27
607208,Trea Turner,hitting,2017,98.0,380.0,3.88
607208,Trea Turner,hitting,2018,162.0,530.0,3.27
607208,Trea Turner,hitting,2019,122.0,456.5,3.74
607208,Trea Turner,hitting,2020,59.0,245.0,4.15
607208,Trea Turner,hitting,2021,148.0,536.0,3.62
607208,Trea Turner,hitting,2022,160.0,529.5,3.31
607208,Trea Turner,hitting,2023,155.0,495.0,3.19
607208,Trea Turner,hitting,2024,121.0,395.0,3.26
607208,Trea Turner,hitting,2025,141.0,480.5,3.41
607208,Trea Turner,hitting,2026,71.0,163.5,2.3
668715,Spencer Steer,hitting,2022,28.0,48.0,1.71
668715,Spencer Steer,hitting,2023,156.0,457.5,2.93
668715,Spencer Steer,hitting,2024,158.0,450.5,2.85
668715,Spencer Steer,hitting,2025,146.0,342.5,2.35
668715,Spencer Steer,hitting,2026,69.0,170.0,2.46
669160,Dustin May,pitching,2019,14.0,77.4,5.53
669160,Dustin May,pitching,2020,12.0,130.5,10.88
669160,Dustin May,pitching,2021,5.0,70.8,14.16
669160,Dustin May,pitching,2022,6.0,50.1,8.35
669160,Dustin May,pitching,2023,9.0,117.2,13.02
669160,Dustin May,pitching,2025,25.0,160.0,6.4
669160,Dustin May,pitching,2026,13.0,119.6,9.2
676440,Tanner Bibee,pitching,2023,25.0,327.8,13.11
676440,Tanner Bibee,pitching,2024,31.0,394.9,12.74
676440,Tanner Bibee,pitching,2025,31.0,306.9,9.9
676440,Tanner Bibee,pitching,2026,15.0,140.2,9.35
656811,Ryan O'Hearn,hitting,2018,44.0,140.5,3.19
656811,Ryan O'Hearn,hitting,2019,105.0,173.5,1.65
656811,Ryan O'Hearn,hitting,2020,42.0,53.5,1.27
656811,Ryan O'Hearn,hitting,2021,84.0,111.5,1.33
656811,Ryan O'Hearn,hitting,2022,67.0,63.5,0.95
656811,Ryan O'Hearn,hitting,2023,112.0,258.0,2.3
656811,Ryan O'Hearn,hitting,2024,142.0,319.5,2.25
656811,Ryan O'Hearn,hitting,2025,144.0,342.5,2.38
656811,Ryan O'Hearn,hitting,2026,57.0,146.0,2.56
694192,Jackson Chourio,hitting,2024,148.0,415.5,2.81
694192,Jackson Chourio,hitting,2025,131.0,414.5,3.16
694192,Jackson Chourio,hitting,2026,35.0,141.0,4.03
686797,Brooks Lee,hitting,2024,50.0,88.5,1.77
686797,Brooks Lee,hitting,2025,139.0,277.0,1.99
686797,Brooks Lee,hitting,2026,69.0,171.5,2.49
800050,Chase DeLauter,hitting,2026,66.0,163.0,2.47
677800,Wilyer Abreu,hitting,2023,28.0,62.5,2.23
677800,Wilyer Abreu,hitting,2024,132.0,286.5,2.17
677800,Wilyer Abreu,hitting,2025,115.0,287.5,2.5
677800,Wilyer Abreu,hitting,2026,68.0,176.5,2.6
701807,Carson Benge,hitting,2026,69.0,167.0,2.42
670623,Isaac Paredes,hitting,2020,34.0,37.0,1.09
670623,Isaac Paredes,hitting,2021,23.0,36.5,1.59
670623,Isaac Paredes,hitting,2022,111.0,238.5,2.15
670623,Isaac Paredes,hitting,2023,143.0,426.0,2.98
670623,Isaac Paredes,hitting,2024,153.0,381.5,2.49
670623,Isaac Paredes,hitting,2025,102.0,288.0,2.82
670623,Isaac Paredes,hitting,2026,66.0,160.0,2.42
672695,Geraldo Perdomo,hitting,2021,11.0,22.0,2.0
672695,Geraldo Perdomo,hitting,2022,148.0,227.5,1.54
672695,Geraldo Perdomo,hitting,2023,144.0,317.0,2.2
672695,Geraldo Perdomo,hitting,2024,98.0,246.0,2.51
672695,Geraldo Perdomo,hitting,2025,161.0,573.5,3.56
672695,Geraldo Perdomo,hitting,2026,68.0,173.0,2.54
668709,JJ Bleday,hitting,2022,65.0,100.5,1.55
668709,JJ Bleday,hitting,2023,82.0,167.0,2.04
668709,JJ Bleday,hitting,2024,159.0,383.5,2.41
668709,JJ Bleday,hitting,2025,98.0,195.5,1.99
668709,JJ Bleday,hitting,2026,43.0,151.5,3.52
669358,Shane Baz,pitching,2021,3.0,52.0,17.33
669358,Shane Baz,pitching,2022,6.0,41.1,6.85
669358,Shane Baz,pitching,2024,14.0,172.9,12.35
669358,Shane Baz,pitching,2025,31.0,255.9,8.25
669358,Shane Baz,pitching,2026,14.0,119.9,8.56
545121,Ildemaro Vargas,hitting,2017,12.0,10.5,0.88
545121,Ildemaro Vargas,hitting,2018,14.0,13.0,0.93
545121,Ildemaro Vargas,hitting,2019,92.0,125.0,1.36
545121,Ildemaro Vargas,hitting,2020,24.0,20.0,0.83
545121,Ildemaro Vargas,hitting,2021,34.0,28.5,0.84
545121,Ildemaro Vargas,hitting,2022,63.0,122.5,1.94
545121,Ildemaro Vargas,hitting,2023,86.0,159.0,1.85
545121,Ildemaro Vargas,hitting,2024,97.0,147.5,1.52
545121,Ildemaro Vargas,hitting,2025,38.0,68.5,1.8
545121,Ildemaro Vargas,hitting,2026,61.0,162.5,2.66
680732,Sean Burke,pitching,2024,4.0,63.0,15.75
680732,Sean Burke,pitching,2025,28.0,192.7,6.88
680732,Sean Burke,pitching,2026,14.0,120.9,8.64
656605,Mitch Keller,pitching,2019,11.0,24.8,2.25
656605,Mitch Keller,pitching,2020,5.0,42.8,8.56
656605,Mitch Keller,pitching,2021,23.0,51.1,2.22
656605,Mitch Keller,pitching,2022,31.0,233.1,7.52
656605,Mitch Keller,pitching,2023,32.0,361.2,11.29
656605,Mitch Keller,pitching,2024,31.0,286.9,9.25
656605,Mitch Keller,pitching,2025,32.0,268.2,8.38
656605,Mitch Keller,pitching,2026,14.0,88.9,6.35
672580,Maikel Garcia,hitting,2022,9.0,8.5,0.94
672580,Maikel Garcia,hitting,2023,123.0,287.5,2.34
672580,Maikel Garcia,hitting,2024,157.0,388.5,2.47
672580,Maikel Garcia,hitting,2025,160.0,466.0,2.91
672580,Maikel Garcia,hitting,2026,66.0,160.0,2.42
672456,Keider Montero,pitching,2024,19.0,127.6,6.72
672456,Keider Montero,pitching,2025,20.0,120.2,6.01
672456,Keider Montero,pitching,2026,13.0,132.6,10.2
686469,Vinnie Pasquantino,hitting,2022,72.0,185.0,2.57
686469,Vinnie Pasquantino,hitting,2023,61.0,155.5,2.55
686469,Vinnie Pasquantino,hitting,2024,131.0,380.5,2.9
686469,Vinnie Pasquantino,hitting,2025,160.0,470.5,2.94
686469,Vinnie Pasquantino,hitting,2026,68.0,159.5,2.35
680694,Kyle Bradish,pitching,2022,23.0,147.1,6.4
680694,Kyle Bradish,pitching,2023,30.0,419.5,13.98
680694,Kyle Bradish,pitching,2024,8.0,108.8,13.6
680694,Kyle Bradish,pitching,2025,6.0,94.1,15.68
680694,Kyle Bradish,pitching,2026,14.0,102.9,7.35
643289,Mauricio Dubon,hitting,2019,30.0,64.0,2.13
643289,Mauricio Dubon,hitting,2020,54.0,96.0,1.78
643289,Mauricio Dubon,hitting,2021,74.0,95.5,1.29
643289,Mauricio Dubon,hitting,2022,104.0,124.0,1.19
643289,Mauricio Dubon,hitting,2023,132.0,303.0,2.3
643289,Mauricio Dubon,hitting,2024,137.0,225.5,1.65
643289,Mauricio Dubon,hitting,2025,133.0,205.0,1.54
643289,Mauricio Dubon,hitting,2026,67.0,159.0,2.37
660271,Shohei Ohtani,pitching,2018,10.0,129.5,12.95
660271,Shohei Ohtani,pitching,2020,2.0,-21.3,-10.65
660271,Shohei Ohtani,pitching,2021,23.0,324.0,14.09
660271,Shohei Ohtani,pitching,2022,28.0,515.8,18.42
660271,Shohei Ohtani,pitching,2023,23.0,345.0,15.0
660271,Shohei Ohtani,pitching,2025,14.0,131.9,9.42
660271,Shohei Ohtani,pitching,2026,11.0,228.9,20.81
592662,Robbie Ray,pitching,2014,9.0,-11.9,-1.32
592662,Robbie Ray,pitching,2015,23.0,225.0,9.78
592662,Robbie Ray,pitching,2016,32.0,269.2,8.41
592662,Robbie Ray,pitching,2017,28.0,453.8,16.21
592662,Robbie Ray,pitching,2018,24.0,258.4,10.77
592662,Robbie Ray,pitching,2019,33.0,359.5,10.89
592662,Robbie Ray,pitching,2020,12.0,32.8,2.73
592662,Robbie Ray,pitching,2021,32.0,534.2,16.69
592662,Robbie Ray,pitching,2022,32.0,404.2,12.63
592662,Robbie Ray,pitching,2023,1.0,-3.7,-3.7
592662,Robbie Ray,pitching,2024,7.0,67.4,9.63
592662,Robbie Ray,pitching,2025,32.0,373.2,11.66
592662,Robbie Ray,pitching,2026,14.0,110.9,7.92
676917,Cade Cavalli,pitching,2022,1.0,-11.6,-11.6
676917,Cade Cavalli,pitching,2025,10.0,66.5,6.65
676917,Cade Cavalli,pitching,2026,15.0,127.2,8.48
608324,Alex Bregman,hitting,2016,49.0,153.0,3.12
608324,Alex Bregman,hitting,2017,155.0,450.5,2.91
608324,Alex Bregman,hitting,2018,157.0,590.5,3.76
608324,Alex Bregman,hitting,2019,156.0,648.5,4.16
608324,Alex Bregman,hitting,2020,42.0,121.0,2.88
608324,Alex Bregman,hitting,2021,91.0,266.5,2.93
608324,Alex Bregman,hitting,2022,155.0,476.5,3.07
608324,Alex Bregman,hitting,2023,161.0,514.5,3.2
608324,Alex Bregman,hitting,2024,145.0,415.0,2.86
608324,Alex Bregman,hitting,2025,114.0,340.0,2.98
608324,Alex Bregman,hitting,2026,71.0,161.5,2.27
671096,Andrew Abbott,pitching,2023,21.0,222.4,10.59
671096,Andrew Abbott,pitching,2024,25.0,249.8,9.99
671096,Andrew Abbott,pitching,2025,29.0,374.1,12.9
671096,Andrew Abbott,pitching,2026,15.0,116.2,7.75
672960,Kazuma Okamoto,hitting,2026,70.0,168.5,2.41
656305,Matt Chapman,hitting,2017,84.0,199.0,2.37
656305,Matt Chapman,hitting,2018,145.0,422.0,2.91
656305,Matt Chapman,hitting,2019,156.0,487.5,3.12
656305,Matt Chapman,hitting,2020,37.0,103.0,2.78
656305,Matt Chapman,hitting,2021,151.0,341.0,2.26
656305,Matt Chapman,hitting,2022,155.0,380.0,2.45
656305,Matt Chapman,hitting,2023,140.0,325.5,2.33
656305,Matt Chapman,hitting,2024,154.0,448.0,2.91
656305,Matt Chapman,hitting,2025,128.0,352.0,2.75
656305,Matt Chapman,hitting,2026,71.0,180.0,2.54
593428,Xander Bogaerts,hitting,2013,18.0,27.5,1.53
593428,Xander Bogaerts,hitting,2014,144.0,269.0,1.87
593428,Xander Bogaerts,hitting,2015,156.0,409.5,2.62
593428,Xander Bogaerts,hitting,2016,157.0,505.5,3.22
593428,Xander Bogaerts,hitting,2017,148.0,402.0,2.72
593428,Xander Bogaerts,hitting,2018,136.0,453.0,3.33
593428,Xander Bogaerts,hitting,2019,155.0,580.0,3.74
593428,Xander Bogaerts,hitting,2020,56.0,179.5,3.21
593428,Xander Bogaerts,hitting,2021,144.0,436.5,3.03
593428,Xander Bogaerts,hitting,2022,150.0,419.0,2.79
593428,Xander Bogaerts,hitting,2023,155.0,426.0,2.75
593428,Xander Bogaerts,hitting,2024,111.0,256.5,2.31
593428,Xander Bogaerts,hitting,2025,136.0,339.0,2.49
593428,Xander Bogaerts,hitting,2026,66.0,156.5,2.37
682243,Bryce Miller,pitching,2023,25.0,232.8,9.31
682243,Bryce Miller,pitching,2024,31.0,445.9,14.38
682243,Bryce Miller,pitching,2025,18.0,84.3,4.68
682243,Bryce Miller,pitching,2026,6.0,116.8,19.47
665487,Fernando Tatis Jr.,hitting,2019,84.0,313.0,3.73
665487,Fernando Tatis Jr.,hitting,2020,59.0,237.5,4.03
665487,Fernando Tatis Jr.,hitting,2021,130.0,516.5,3.97
665487,Fernando Tatis Jr.,hitting,2023,141.0,449.5,3.19
665487,Fernando Tatis Jr.,hitting,2024,102.0,311.0,3.05
665487,Fernando Tatis Jr.,hitting,2025,155.0,528.5,3.41
665487,Fernando Tatis Jr.,hitting,2026,69.0,161.5,2.34
673548,Seiya Suzuki,hitting,2022,111.0,268.0,2.41
673548,Seiya Suzuki,hitting,2023,138.0,392.0,2.84
673548,Seiya Suzuki,hitting,2024,132.0,403.0,3.05
673548,Seiya Suzuki,hitting,2025,151.0,436.0,2.89
673548,Seiya Suzuki,hitting,2026,57.0,140.0,2.46
683004,Jack Leiter,pitching,2024,9.0,-22.9,-2.54
683004,Jack Leiter,pitching,2025,29.0,288.1,9.93
683004,Jack Leiter,pitching,2026,14.0,100.9,7.21
680574,Matt McLain,hitting,2023,89.0,298.5,3.35
680574,Matt McLain,hitting,2025,147.0,300.5,2.04
680574,Matt McLain,hitting,2026,68.0,154.5,2.27
681190,Randy Vasquez,pitching,2023,11.0,72.8,6.62
681190,Randy Vasquez,pitching,2024,20.0,86.0,4.3
681190,Randy Vasquez,pitching,2025,28.0,183.1,6.54
681190,Randy Vasquez,pitching,2026,14.0,132.9,9.49
650402,Gleyber Torres,hitting,2018,123.0,326.0,2.65
650402,Gleyber Torres,hitting,2019,144.0,462.5,3.21
650402,Gleyber Torres,hitting,2020,42.0,90.0,2.14
650402,Gleyber Torres,hitting,2021,127.0,278.0,2.19
650402,Gleyber Torres,hitting,2022,140.0,366.5,2.62
650402,Gleyber Torres,hitting,2023,158.0,450.0,2.85
650402,Gleyber Torres,hitting,2024,154.0,364.0,2.36
650402,Gleyber Torres,hitting,2025,145.0,393.5,2.71
650402,Gleyber Torres,hitting,2026,42.0,119.0,2.83
805300,Jakob Marsee,hitting,2025,55.0,181.0,3.29
805300,Jakob Marsee,hitting,2026,71.0,163.0,2.3
805367,Chase Meidroth,hitting,2025,122.0,246.0,2.02
805367,Chase Meidroth,hitting,2026,68.0,165.0,2.43
592885,Christian Yelich,hitting,2013,62.0,160.0,2.58
592885,Christian Yelich,hitting,2014,144.0,412.5,2.86
592885,Christian Yelich,hitting,2015,126.0,317.5,2.52
592885,Christian Yelich,hitting,2016,155.0,456.0,2.94
592885,Christian Yelich,hitting,2017,156.0,479.5,3.07
592885,Christian Yelich,hitting,2018,147.0,604.5,4.11
592885,Christian Yelich,hitting,2019,130.0,604.0,4.65
592885,Christian Yelich,hitting,2020,58.0,158.0,2.72
592885,Christian Yelich,hitting,2021,117.0,296.5,2.53
592885,Christian Yelich,hitting,2022,154.0,414.0,2.69
592885,Christian Yelich,hitting,2023,144.0,477.0,3.31
592885,Christian Yelich,hitting,2024,73.0,273.0,3.74
592885,Christian Yelich,hitting,2025,150.0,456.5,3.04
592885,Christian Yelich,hitting,2026,39.0,121.5,3.12
701538,Jackson Merrill,hitting,2024,156.0,450.5,2.89
701538,Jackson Merrill,hitting,2025,115.0,306.0,2.66
701538,Jackson Merrill,hitting,2026,67.0,153.5,2.29
621020,Dansby Swanson,hitting,2016,38.0,94.0,2.47
621020,Dansby Swanson,hitting,2017,144.0,263.0,1.83
621020,Dansby Swanson,hitting,2018,136.0,295.0,2.17
621020,Dansby Swanson,hitting,2019,127.0,348.0,2.74
621020,Dansby Swanson,hitting,2020,60.0,194.5,3.24
621020,Dansby Swanson,hitting,2021,160.0,411.5,2.57
621020,Dansby Swanson,hitting,2022,162.0,459.0,2.83
621020,Dansby Swanson,hitting,2023,147.0,398.0,2.71
621020,Dansby Swanson,hitting,2024,149.0,368.0,2.47
621020,Dansby Swanson,hitting,2025,159.0,400.0,2.52
621020,Dansby Swanson,hitting,2026,68.0,149.0,2.19
642715,Willy Adames,hitting,2018,85.0,179.5,2.11
642715,Willy Adames,hitting,2019,152.0,312.5,2.06
642715,Willy Adames,hitting,2020,54.0,123.0,2.28
642715,Willy Adames,hitting,2021,140.0,365.0,2.61
642715,Willy Adames,hitting,2022,139.0,408.0,2.94
642715,Willy Adames,hitting,2023,149.0,367.5,2.47
642715,Willy Adames,hitting,2024,161.0,501.5,3.11
642715,Willy Adames,hitting,2025,160.0,436.5,2.73
642715,Willy Adames,hitting,2026,70.0,156.0,2.23
646240,Rafael Devers,hitting,2017,58.0,160.5,2.77
646240,Rafael Devers,hitting,2018,121.0,296.5,2.45
646240,Rafael Devers,hitting,2019,156.0,595.5,3.82
646240,Rafael Devers,hitting,2020,57.0,161.5,2.83
646240,Rafael Devers,hitting,2021,156.0,521.5,3.34
646240,Rafael Devers,hitting,2022,141.0,451.0,3.2
646240,Rafael Devers,hitting,2023,153.0,484.0,3.16
646240,Rafael Devers,hitting,2024,138.0,430.5,3.12
646240,Rafael Devers,hitting,2025,163.0,506.0,3.1
646240,Rafael Devers,hitting,2026,72.0,152.5,2.12
571448,Nolan Arenado,hitting,2013,133.0,274.0,2.06
571448,Nolan Arenado,hitting,2014,111.0,325.0,2.93
571448,Nolan Arenado,hitting,2015,157.0,546.0,3.48
571448,Nolan Arenado,hitting,2016,160.0,603.5,3.77
571448,Nolan Arenado,hitting,2017,159.0,581.0,3.65
571448,Nolan Arenado,hitting,2018,156.0,546.0,3.5
571448,Nolan Arenado,hitting,2019,155.0,572.5,3.69
571448,Nolan Arenado,hitting,2020,48.0,126.0,2.62
571448,Nolan Arenado,hitting,2021,157.0,468.0,2.98
571448,Nolan Arenado,hitting,2022,148.0,488.0,3.3
571448,Nolan Arenado,hitting,2023,144.0,396.5,2.75
571448,Nolan Arenado,hitting,2024,152.0,359.0,2.36
571448,Nolan Arenado,hitting,2025,107.0,253.5,2.37
571448,Nolan Arenado,hitting,2026,66.0,150.5,2.28
677649,Ezequiel Duran,hitting,2022,58.0,115.0,1.98
677649,Ezequiel Duran,hitting,2023,122.0,256.0,2.1
677649,Ezequiel Duran,hitting,2024,92.0,110.5,1.2
677649,Ezequiel Duran,hitting,2025,90.0,91.5,1.02
677649,Ezequiel Duran,hitting,2026,63.0,148.5,2.36
665161,Jeremy Pena,hitting,2022,136.0,332.5,2.44
665161,Jeremy Pena,hitting,2023,150.0,346.5,2.31
665161,Jeremy Pena,hitting,2024,157.0,387.5,2.47
665161,Jeremy Pena,hitting,2025,125.0,394.5,3.16
665161,Jeremy Pena,hitting,2026,35.0,102.0,2.91
664285,Framber Valdez,pitching,2018,8.0,90.8,11.35
664285,Framber Valdez,pitching,2019,26.0,46.8,1.8
664285,Framber Valdez,pitching,2020,11.0,153.5,13.95
664285,Framber Valdez,pitching,2021,22.0,282.7,12.85
664285,Framber Valdez,pitching,2022,31.0,474.9,15.32
664285,Framber Valdez,pitching,2023,31.0,422.9,13.64
664285,Framber Valdez,pitching,2024,28.0,423.8,15.14
664285,Framber Valdez,pitching,2025,31.0,376.9,12.16
664285,Framber Valdez,pitching,2026,14.0,98.9,7.06
687462,Spencer Horwitz,hitting,2023,15.0,25.0,1.67
687462,Spencer Horwitz,hitting,2024,97.0,234.0,2.41
687462,Spencer Horwitz,hitting,2025,108.0,265.5,2.46
687462,Spencer Horwitz,hitting,2026,66.0,171.5,2.6
606192,Teoscar Hernandez,hitting,2016,41.0,58.0,1.41
606192,Teoscar Hernandez,hitting,2017,27.0,76.0,2.81
606192,Teoscar Hernandez,hitting,2018,134.0,300.5,2.24
606192,Teoscar Hernandez,hitting,2019,125.0,290.5,2.32
606192,Teoscar Hernandez,hitting,2020,50.0,167.5,3.35
606192,Teoscar Hernandez,hitting,2021,143.0,480.0,3.36
606192,Teoscar Hernandez,hitting,2022,131.0,344.0,2.63
606192,Teoscar Hernandez,hitting,2023,160.0,381.5,2.38
606192,Teoscar Hernandez,hitting,2024,154.0,459.0,2.98
606192,Teoscar Hernandez,hitting,2025,134.0,343.0,2.56
606192,Teoscar Hernandez,hitting,2026,51.0,131.5,2.58
669394,Jake Burger,hitting,2021,15.0,20.5,1.37
669394,Jake Burger,hitting,2022,51.0,101.0,1.98
669394,Jake Burger,hitting,2023,141.0,372.5,2.64
669394,Jake Burger,hitting,2024,137.0,345.0,2.52
669394,Jake Burger,hitting,2025,103.0,213.5,2.07
669394,Jake Burger,hitting,2026,69.0,168.5,2.44
607043,Brandon Nimmo,hitting,2016,32.0,39.0,1.22
607043,Brandon Nimmo,hitting,2017,69.0,127.0,1.84
607043,Brandon Nimmo,hitting,2018,140.0,369.0,2.64
607043,Brandon Nimmo,hitting,2019,69.0,164.5,2.38
607043,Brandon Nimmo,hitting,2020,55.0,157.5,2.86
607043,Brandon Nimmo,hitting,2021,92.0,243.5,2.65
607043,Brandon Nimmo,hitting,2022,151.0,441.0,2.92
607043,Brandon Nimmo,hitting,2023,152.0,442.0,2.91
607043,Brandon Nimmo,hitting,2024,151.0,439.0,2.91
607043,Brandon Nimmo,hitting,2025,155.0,432.5,2.79
607043,Brandon Nimmo,hitting,2026,69.0,157.5,2.28
607074,Carlos Rodon,pitching,2015,26.0,241.0,9.27
607074,Carlos Rodon,pitching,2016,28.0,278.8,9.96
607074,Carlos Rodon,pitching,2017,12.0,114.2,9.52
607074,Carlos Rodon,pitching,2018,20.0,171.0,8.55
607074,Carlos Rodon,pitching,2019,7.0,60.4,8.63
607074,Carlos Rodon,pitching,2020,4.0,-2.3,-0.57
607074,Carlos Rodon,pitching,2021,24.0,427.4,17.81
607074,Carlos Rodon,pitching,2022,31.0,511.9,16.51
607074,Carlos Rodon,pitching,2023,14.0,43.9,3.14
607074,Carlos Rodon,pitching,2024,32.0,372.2,11.63
607074,Carlos Rodon,pitching,2025,33.0,490.5,14.86
607074,Carlos Rodon,pitching,2026,6.0,72.1,12.02
681198,T.J. Rumfield,hitting,2026,69.0,189.0,2.74
693304,Nick Gonzales,hitting,2023,35.0,56.0,1.6
693304,Nick Gonzales,hitting,2024,94.0,219.0,2.33
693304,Nick Gonzales,hitting,2025,96.0,179.5,1.87
693304,Nick Gonzales,hitting,2026,66.0,154.0,2.33
605488,Jeffrey Springs,pitching,2018,18.0,56.7,3.15
605488,Jeffrey Springs,pitching,2019,25.0,18.0,0.72
605488,Jeffrey Springs,pitching,2020,16.0,6.0,0.38
605488,Jeffrey Springs,pitching,2021,43.0,157.0,3.65
605488,Jeffrey Springs,pitching,2022,33.0,362.8,10.99
605488,Jeffrey Springs,pitching,2023,3.0,73.0,24.33
605488,Jeffrey Springs,pitching,2024,7.0,71.4,10.2
605488,Jeffrey Springs,pitching,2025,32.0,291.5,9.11
605488,Jeffrey Springs,pitching,2026,15.0,96.2,6.41
666176,Jo Adell,hitting,2020,38.0,25.5,0.67
666176,Jo Adell,hitting,2021,35.0,89.0,2.54
666176,Jo Adell,hitting,2022,88.0,110.5,1.26
666176,Jo Adell,hitting,2023,17.0,31.5,1.85
666176,Jo Adell,hitting,2024,130.0,269.0,2.07
666176,Jo Adell,hitting,2025,152.0,382.5,2.52
666176,Jo Adell,hitting,2026,72.0,170.5,2.37
608369,Corey Seager,hitting,2015,27.0,96.5,3.57
608369,Corey Seager,hitting,2016,157.0,480.5,3.06
608369,Corey Seager,hitting,2017,145.0,417.5,2.88
608369,Corey Seager,hitting,2018,26.0,68.5,2.63
608369,Corey Seager,hitting,2019,134.0,398.0,2.97
608369,Corey Seager,hitting,2020,52.0,196.5,3.78
608369,Corey Seager,hitting,2021,95.0,308.0,3.24
608369,Corey Seager,hitting,2022,151.0,449.5,2.98
608369,Corey Seager,hitting,2023,119.0,484.0,4.07
608369,Corey Seager,hitting,2024,123.0,386.0,3.14
608369,Corey Seager,hitting,2025,102.0,308.5,3.02
608369,Corey Seager,hitting,2026,47.0,109.0,2.32
682657,Angel Martinez,hitting,2024,43.0,79.5,1.85
682657,Angel Martinez,hitting,2025,139.0,241.0,1.73
682657,Angel Martinez,hitting,2026,66.0,157.5,2.39
592518,Manny Machado,hitting,2012,51.0,123.0,2.41
592518,Manny Machado,hitting,2013,156.0,411.5,2.64
592518,Manny Machado,hitting,2014,82.0,191.0,2.33
592518,Manny Machado,hitting,2015,162.0,539.5,3.33
592518,Manny Machado,hitting,2016,157.0,516.0,3.29
592518,Manny Machado,hitting,2017,156.0,463.5,2.97
592518,Manny Machado,hitting,2018,162.0,551.0,3.4
592518,Manny Machado,hitting,2019,156.0,427.0,2.74
592518,Manny Machado,hitting,2020,60.0,228.5,3.81
592518,Manny Machado,hitting,2021,153.0,499.0,3.26
592518,Manny Machado,hitting,2022,150.0,511.5,3.41
592518,Manny Machado,hitting,2023,138.0,398.5,2.89
592518,Manny Machado,hitting,2024,152.0,441.0,2.9
592518,Manny Machado,hitting,2025,159.0,470.5,2.96
592518,Manny Machado,hitting,2026,68.0,148.5,2.18
663586,Austin Riley,hitting,2019,80.0,180.0,2.25
663586,Austin Riley,hitting,2020,51.0,116.5,2.28
663586,Austin Riley,hitting,2021,160.0,479.0,2.99
663586,Austin Riley,hitting,2022,159.0,489.0,3.08
663586,Austin Riley,hitting,2023,159.0,511.0,3.21
663586,Austin Riley,hitting,2024,110.0,292.0,2.65
663586,Austin Riley,hitting,2025,102.0,246.0,2.41
663586,Austin Riley,hitting,2026,71.0,145.0,2.04
802415,Chandler Simpson,hitting,2025,109.0,286.5,2.63
802415,Chandler Simpson,hitting,2026,66.0,141.0,2.14
641487,J.P. Crawford,hitting,2017,23.0,41.0,1.78
641487,J.P. Crawford,hitting,2018,49.0,76.5,1.56
641487,J.P. Crawford,hitting,2019,93.0,223.5,2.4
641487,J.P. Crawford,hitting,2020,53.0,137.5,2.59
641487,J.P. Crawford,hitting,2021,160.0,372.0,2.33
641487,J.P. Crawford,hitting,2022,145.0,304.0,2.1
641487,J.P. Crawford,hitting,2023,145.0,426.5,2.94
641487,J.P. Crawford,hitting,2024,105.0,231.0,2.2
641487,J.P. Crawford,hitting,2025,157.0,358.0,2.28
641487,J.P. Crawford,hitting,2026,55.0,146.0,2.65
671277,Luis Garcia Jr.,hitting,2020,40.0,71.5,1.79
671277,Luis Garcia Jr.,hitting,2021,70.0,127.5,1.82
671277,Luis Garcia Jr.,hitting,2022,93.0,187.0,2.01
671277,Luis Garcia Jr.,hitting,2023,122.0,284.0,2.33
671277,Luis Garcia Jr.,hitting,2024,140.0,361.0,2.58
671277,Luis Garcia Jr.,hitting,2025,139.0,337.0,2.42
671277,Luis Garcia Jr.,hitting,2026,67.0,161.0,2.4
681082,Bryson Stott,hitting,2022,127.0,269.5,2.12
681082,Bryson Stott,hitting,2023,151.0,430.0,2.85
681082,Bryson Stott,hitting,2024,148.0,363.5,2.46
681082,Bryson Stott,hitting,2025,147.0,375.5,2.55
681082,Bryson Stott,hitting,2026,66.0,155.5,2.36
669257,Will Smith,hitting,2019,54.0,167.0,3.09
669257,Will Smith,hitting,2020,37.0,123.0,3.32
669257,Will Smith,hitting,2021,130.0,372.5,2.87
669257,Will Smith,hitting,2022,137.0,400.0,2.92
669257,Will Smith,hitting,2023,126.0,390.5,3.1
669257,Will Smith,hitting,2024,128.0,358.5,2.8
669257,Will Smith,hitting,2025,110.0,323.5,2.94
669257,Will Smith,hitting,2026,52.0,115.0,2.21
808959,Munetaka Murakami,hitting,2026,57.0,198.0,3.47
678882,Ceddanne Rafaela,hitting,2023,28.0,42.0,1.5
678882,Ceddanne Rafaela,hitting,2024,152.0,323.5,2.13
678882,Ceddanne Rafaela,hitting,2025,156.0,376.5,2.41
678882,Ceddanne Rafaela,hitting,2026,66.0,162.5,2.46
667670,Brent Rooker,hitting,2020,7.0,19.5,2.79
667670,Brent Rooker,hitting,2021,58.0,104.0,1.79
667670,Brent Rooker,hitting,2022,16.0,4.5,0.28
667670,Brent Rooker,hitting,2023,137.0,326.0,2.38
667670,Brent Rooker,hitting,2024,145.0,490.5,3.38
667670,Brent Rooker,hitting,2025,162.0,471.5,2.91
667670,Brent Rooker,hitting,2026,48.0,108.5,2.26
702284,Cole Young,hitting,2025,77.0,120.5,1.56
702284,Cole Young,hitting,2026,73.0,157.0,2.15
695506,Jac Caglianone,hitting,2025,62.0,93.0,1.5
695506,Jac Caglianone,hitting,2026,67.0,136.5,2.04
676282,Joey Cantillo,pitching,2024,9.0,65.8,7.31
676282,Joey Cantillo,pitching,2025,34.0,217.6,6.4
676282,Joey Cantillo,pitching,2026,15.0,110.2,7.35
666182,Bo Bichette,hitting,2019,46.0,157.0,3.41
666182,Bo Bichette,hitting,2020,29.0,100.5,3.47
666182,Bo Bichette,hitting,2021,159.0,549.5,3.46
666182,Bo Bichette,hitting,2022,159.0,452.5,2.85
666182,Bo Bichette,hitting,2023,135.0,377.5,2.8
666182,Bo Bichette,hitting,2024,81.0,148.0,1.83
666182,Bo Bichette,hitting,2025,139.0,438.5,3.15
666182,Bo Bichette,hitting,2026,72.0,168.0,2.33
669194,Ryne Nelson,pitching,2022,3.0,55.0,18.33
669194,Ryne Nelson,pitching,2023,29.0,135.5,4.67
669194,Ryne Nelson,pitching,2024,28.0,249.8,8.92
669194,Ryne Nelson,pitching,2025,33.0,318.0,9.64
669194,Ryne Nelson,pitching,2026,14.0,82.9,5.92
807712,Luke Keaschall,hitting,2025,49.0,164.5,3.36
807712,Luke Keaschall,hitting,2026,67.0,154.0,2.3
664761,Alec Bohm,hitting,2020,44.0,121.0,2.75
664761,Alec Bohm,hitting,2021,115.0,196.5,1.71
664761,Alec Bohm,hitting,2022,152.0,347.0,2.28
664761,Alec Bohm,hitting,2023,145.0,399.0,2.75
664761,Alec Bohm,hitting,2024,143.0,400.0,2.8
664761,Alec Bohm,hitting,2025,120.0,283.0,2.36
664761,Alec Bohm,hitting,2026,67.0,137.5,2.05
662139,Daulton Varsho,hitting,2020,37.0,63.5,1.72
662139,Daulton Varsho,hitting,2021,95.0,207.5,2.18
662139,Daulton Varsho,hitting,2022,151.0,386.5,2.56
662139,Daulton Varsho,hitting,2023,158.0,332.5,2.1
662139,Daulton Varsho,hitting,2024,136.0,317.5,2.33
662139,Daulton Varsho,hitting,2025,71.0,216.5,3.05
662139,Daulton Varsho,hitting,2026,64.0,141.5,2.21
669373,Tarik Skubal,pitching,2020,8.0,45.4,5.67
669373,Tarik Skubal,pitching,2021,31.0,273.1,8.81
669373,Tarik Skubal,pitching,2022,21.0,251.4,11.97
669373,Tarik Skubal,pitching,2023,15.0,241.2,16.08
669373,Tarik Skubal,pitching,2024,31.0,578.9,18.67
669373,Tarik Skubal,pitching,2025,31.0,597.9,19.29
669373,Tarik Skubal,pitching,2026,8.0,121.8,15.22
805779,Jacob Wilson,hitting,2024,28.0,43.0,1.54
805779,Jacob Wilson,hitting,2025,125.0,347.5,2.78
805779,Jacob Wilson,hitting,2026,41.0,101.0,2.46
605280,Clay Holmes,pitching,2018,11.0,-5.6,-0.51
605280,Clay Holmes,pitching,2019,35.0,30.0,0.86
605280,Clay Holmes,pitching,2020,1.0,3.0,3.0
605280,Clay Holmes,pitching,2021,69.0,186.0,2.7
605280,Clay Holmes,pitching,2022,62.0,277.0,4.47
605280,Clay Holmes,pitching,2023,66.0,274.0,4.15
605280,Clay Holmes,pitching,2024,67.0,274.0,4.09
605280,Clay Holmes,pitching,2025,33.0,291.9,8.85
605280,Clay Holmes,pitching,2026,9.0,130.2,14.47
605141,Mookie Betts,hitting,2014,52.0,152.5,2.93
605141,Mookie Betts,hitting,2015,145.0,496.0,3.42
605141,Mookie Betts,hitting,2016,158.0,641.0,4.06
605141,Mookie Betts,hitting,2017,153.0,570.5,3.73
605141,Mookie Betts,hitting,2018,136.0,634.5,4.67
605141,Mookie Betts,hitting,2019,150.0,595.5,3.97
605141,Mookie Betts,hitting,2020,55.0,232.0,4.22
605141,Mookie Betts,hitting,2021,122.0,424.0,3.48
605141,Mookie Betts,hitting,2022,142.0,529.0,3.73
605141,Mookie Betts,hitting,2023,152.0,641.5,4.22
605141,Mookie Betts,hitting,2024,116.0,424.5,3.66
605141,Mookie Betts,hitting,2025,150.0,445.0,2.97
605141,Mookie Betts,hitting,2026,37.0,93.0,2.51
622663,Luis Severino,pitching,2015,11.0,140.9,12.81
622663,Luis Severino,pitching,2016,22.0,64.9,2.95
622663,Luis Severino,pitching,2017,31.0,508.9,16.42
622663,Luis Severino,pitching,2018,32.0,473.2,14.79
622663,Luis Severino,pitching,2019,3.0,42.0,14.0
622663,Luis Severino,pitching,2021,4.0,29.0,7.25
622663,Luis Severino,pitching,2022,19.0,257.6,13.56
622663,Luis Severino,pitching,2023,19.0,37.3,1.96
622663,Luis Severino,pitching,2024,31.0,318.9,10.29
622663,Luis Severino,pitching,2025,29.0,209.1,7.21
622663,Luis Severino,pitching,2026,12.0,96.2,8.02
680757,Steven Kwan,hitting,2022,147.0,429.0,2.92
680757,Steven Kwan,hitting,2023,158.0,448.5,2.84
680757,Steven Kwan,hitting,2024,122.0,377.5,3.09
680757,Steven Kwan,hitting,2025,156.0,433.0,2.78
680757,Steven Kwan,hitting,2026,64.0,126.5,1.98
514888,Jose Altuve,hitting,2011,57.0,115.5,2.03
514888,Jose Altuve,hitting,2012,147.0,403.0,2.74
514888,Jose Altuve,hitting,2013,152.0,367.5,2.42
514888,Jose Altuve,hitting,2014,158.0,540.5,3.42
514888,Jose Altuve,hitting,2015,154.0,499.5,3.24
514888,Jose Altuve,hitting,2016,161.0,611.0,3.8
514888,Jose Altuve,hitting,2017,153.0,580.0,3.79
514888,Jose Altuve,hitting,2018,137.0,420.5,3.07
514888,Jose Altuve,hitting,2019,124.0,429.0,3.46
514888,Jose Altuve,hitting,2020,48.0,110.5,2.3
514888,Jose Altuve,hitting,2021,146.0,516.5,3.54
514888,Jose Altuve,hitting,2022,141.0,495.5,3.51
514888,Jose Altuve,hitting,2023,90.0,345.5,3.84
514888,Jose Altuve,hitting,2024,153.0,451.5,2.95
514888,Jose Altuve,hitting,2025,155.0,415.5,2.68
514888,Jose Altuve,hitting,2026,50.0,111.0,2.22
686217,Sal Frelick,hitting,2023,57.0,142.5,2.5
686217,Sal Frelick,hitting,2024,145.0,286.0,1.97
686217,Sal Frelick,hitting,2025,142.0,395.0,2.78
686217,Sal Frelick,hitting,2026,65.0,131.5,2.02
701358,Cam Smith,hitting,2025,134.0,249.5,1.86
701358,Cam Smith,hitting,2026,72.0,141.0,1.96
666142,Cole Ragans,pitching,2022,9.0,34.2,3.8
666142,Cole Ragans,pitching,2023,29.0,230.2,7.94
666142,Cole Ragans,pitching,2024,32.0,455.2,14.22
666142,Cole Ragans,pitching,2025,13.0,141.6,10.89
666142,Cole Ragans,pitching,2026,8.0,58.8,7.35
691026,Masyn Winn,hitting,2023,37.0,48.0,1.3
691026,Masyn Winn,hitting,2024,150.0,389.5,2.6
691026,Masyn Winn,hitting,2025,129.0,294.0,2.28
691026,Masyn Winn,hitting,2026,62.0,130.5,2.1
679529,Spencer Torkelson,hitting,2022,110.0,160.5,1.46
679529,Spencer Torkelson,hitting,2023,159.0,430.5,2.71
679529,Spencer Torkelson,hitting,2024,92.0,188.5,2.05
679529,Spencer Torkelson,hitting,2025,155.0,404.5,2.61
679529,Spencer Torkelson,hitting,2026,70.0,132.0,1.89
650489,Willi Castro,hitting,2019,30.0,38.0,1.27
650489,Willi Castro,hitting,2020,36.0,104.0,2.89
650489,Willi Castro,hitting,2021,125.0,224.5,1.8
650489,Willi Castro,hitting,2022,112.0,204.0,1.82
650489,Willi Castro,hitting,2023,124.0,293.5,2.37
650489,Willi Castro,hitting,2024,158.0,372.0,2.35
650489,Willi Castro,hitting,2025,120.0,237.5,1.98
650489,Willi Castro,hitting,2026,60.0,143.0,2.38
543807,George Springer,hitting,2014,78.0,229.0,2.94
543807,George Springer,hitting,2015,102.0,305.5,3.0
543807,George Springer,hitting,2016,162.0,498.0,3.07
543807,George Springer,hitting,2017,140.0,494.5,3.53
543807,George Springer,hitting,2018,140.0,413.0,2.95
543807,George Springer,hitting,2019,122.0,489.5,4.01
543807,George Springer,hitting,2020,51.0,178.0,3.49
543807,George Springer,hitting,2021,78.0,277.5,3.56
543807,George Springer,hitting,2022,133.0,437.0,3.29
543807,George Springer,hitting,2023,154.0,424.5,2.76
543807,George Springer,hitting,2024,145.0,355.5,2.45
543807,George Springer,hitting,2025,140.0,511.5,3.65
543807,George Springer,hitting,2026,50.0,109.5,2.19
694497,Evan Carter,hitting,2023,23.0,72.0,3.13
694497,Evan Carter,hitting,2024,45.0,88.5,1.97
694497,Evan Carter,hitting,2025,63.0,161.5,2.56
694497,Evan Carter,hitting,2026,66.0,134.0,2.03
695600,Carter Jensen,hitting,2025,20.0,60.0,3.0
695600,Carter Jensen,hitting,2026,67.0,134.0,2.0
607067,Colin Rea,pitching,2015,6.0,51.1,8.52
607067,Colin Rea,pitching,2016,20.0,114.6,5.73
607067,Colin Rea,pitching,2020,9.0,17.7,1.97
607067,Colin Rea,pitching,2021,1.0,1.0,1.0
607067,Colin Rea,pitching,2023,26.0,196.7,7.57
607067,Colin Rea,pitching,2024,32.0,268.5,8.39
607067,Colin Rea,pitching,2025,32.0,275.5,8.61
607067,Colin Rea,pitching,2026,15.0,72.9,4.86
622491,Luis Castillo,pitching,2017,15.0,206.2,13.75
622491,Luis Castillo,pitching,2018,31.0,300.9,9.71
622491,Luis Castillo,pitching,2019,32.0,460.2,14.38
622491,Luis Castillo,pitching,2020,12.0,169.2,14.1
622491,Luis Castillo,pitching,2021,33.0,319.5,9.68
622491,Luis Castillo,pitching,2022,25.0,362.8,14.51
622491,Luis Castillo,pitching,2023,33.0,470.5,14.26
622491,Luis Castillo,pitching,2024,30.0,362.5,12.08
622491,Luis Castillo,pitching,2025,32.0,357.2,11.16
622491,Luis Castillo,pitching,2026,14.0,84.2,6.01
683083,Nasim Nunez,hitting,2024,51.0,48.5,0.95
683083,Nasim Nunez,hitting,2025,39.0,73.0,1.87
683083,Nasim Nunez,hitting,2026,67.0,138.0,2.06
680977,Brendan Donovan,hitting,2022,126.0,289.0,2.29
680977,Brendan Donovan,hitting,2023,95.0,240.5,2.53
680977,Brendan Donovan,hitting,2024,153.0,403.5,2.64
680977,Brendan Donovan,hitting,2025,118.0,322.5,2.73
680977,Brendan Donovan,hitting,2026,25.0,64.5,2.58
702616,Jackson Holliday,hitting,2024,60.0,99.5,1.66
702616,Jackson Holliday,hitting,2025,149.0,356.0,2.39
702616,Jackson Holliday,hitting,2026,24.0,50.0,2.08
656775,Cedric Mullins,hitting,2018,45.0,95.5,2.12
656775,Cedric Mullins,hitting,2019,22.0,21.0,0.95
656775,Cedric Mullins,hitting,2020,48.0,87.5,1.82
656775,Cedric Mullins,hitting,2021,159.0,516.5,3.25
656775,Cedric Mullins,hitting,2022,156.0,445.0,2.85
656775,Cedric Mullins,hitting,2023,116.0,315.5,2.72
656775,Cedric Mullins,hitting,2024,147.0,357.0,2.43
656775,Cedric Mullins,hitting,2025,133.0,319.0,2.4
656775,Cedric Mullins,hitting,2026,61.0,131.5,2.16
694384,Nolan Schanuel,hitting,2023,29.0,73.5,2.53
694384,Nolan Schanuel,hitting,2024,147.0,334.5,2.28
694384,Nolan Schanuel,hitting,2025,132.0,339.5,2.57
694384,Nolan Schanuel,hitting,2026,56.0,116.5,2.08
543760,Marcus Semien,hitting,2013,21.0,33.0,1.57
543760,Marcus Semien,hitting,2014,64.0,131.0,2.05
543760,Marcus Semien,hitting,2015,155.0,313.0,2.02
543760,Marcus Semien,hitting,2016,159.0,381.5,2.4
543760,Marcus Semien,hitting,2017,85.0,246.5,2.9
543760,Marcus Semien,hitting,2018,159.0,410.5,2.58
543760,Marcus Semien,hitting,2019,162.0,597.0,3.69
543760,Marcus Semien,hitting,2020,53.0,135.0,2.55
543760,Marcus Semien,hitting,2021,162.0,584.0,3.6
543760,Marcus Semien,hitting,2022,161.0,498.0,3.09
543760,Marcus Semien,hitting,2023,162.0,584.0,3.6
543760,Marcus Semien,hitting,2024,159.0,447.5,2.81
543760,Marcus Semien,hitting,2025,127.0,316.5,2.49
543760,Marcus Semien,hitting,2026,72.0,136.0,1.89
656427,Jack Flaherty,pitching,2017,6.0,11.8,1.97
656427,Jack Flaherty,pitching,2018,28.0,358.8,12.81
656427,Jack Flaherty,pitching,2019,33.0,531.5,16.11
656427,Jack Flaherty,pitching,2020,9.0,80.2,8.91
656427,Jack Flaherty,pitching,2021,17.0,203.2,11.95
656427,Jack Flaherty,pitching,2022,9.0,45.8,5.09
656427,Jack Flaherty,pitching,2023,29.0,172.5,5.95
656427,Jack Flaherty,pitching,2024,28.0,421.8,15.06
656427,Jack Flaherty,pitching,2025,31.0,284.9,9.19
656427,Jack Flaherty,pitching,2026,15.0,74.2,4.95
641927,Bailey Ober,pitching,2021,20.0,171.0,8.55
641927,Bailey Ober,pitching,2022,11.0,120.8,10.98
641927,Bailey Ober,pitching,2023,26.0,320.1,12.31
641927,Bailey Ober,pitching,2024,31.0,394.9,12.74
641927,Bailey Ober,pitching,2025,27.0,175.5,6.5
641927,Bailey Ober,pitching,2026,12.0,101.2,8.43
694671,Wyatt Langford,hitting,2024,134.0,381.5,2.85
694671,Wyatt Langford,hitting,2025,134.0,378.5,2.82
694671,Wyatt Langford,hitting,2026,29.0,66.0,2.28
683011,Anthony Volpe,hitting,2023,159.0,335.5,2.11
683011,Anthony Volpe,hitting,2024,160.0,390.0,2.44
683011,Anthony Volpe,hitting,2025,153.0,338.0,2.21
683011,Anthony Volpe,hitting,2026,22.0,56.0,2.55
521692,Salvador Perez,hitting,2011,39.0,104.0,2.67
521692,Salvador Perez,hitting,2012,76.0,198.5,2.61
521692,Salvador Perez,hitting,2013,138.0,322.5,2.34
521692,Salvador Perez,hitting,2014,150.0,322.5,2.15
521692,Salvador Perez,hitting,2015,142.0,303.0,2.13
521692,Salvador Perez,hitting,2016,139.0,304.5,2.19
521692,Salvador Perez,hitting,2017,129.0,323.5,2.51
521692,Salvador Perez,hitting,2018,129.0,313.0,2.43
521692,Salvador Perez,hitting,2020,37.0,138.0,3.73
521692,Salvador Perez,hitting,2021,161.0,490.0,3.04
521692,Salvador Perez,hitting,2022,114.0,292.5,2.57
521692,Salvador Perez,hitting,2023,140.0,319.5,2.28
521692,Salvador Perez,hitting,2024,158.0,404.5,2.56
521692,Salvador Perez,hitting,2025,155.0,383.5,2.47
521692,Salvador Perez,hitting,2026,67.0,118.0,1.76
669467,Andre Pallante,pitching,2022,47.0,193.5,4.12
669467,Andre Pallante,pitching,2023,62.0,88.0,1.42
669467,Andre Pallante,pitching,2024,29.0,207.0,7.14
669467,Andre Pallante,pitching,2025,31.0,136.9,4.42
669467,Andre Pallante,pitching,2026,13.0,127.6,9.82
621043,Carlos Correa,hitting,2015,99.0,334.0,3.37
621043,Carlos Correa,hitting,2016,153.0,453.5,2.96
621043,Carlos Correa,hitting,2017,109.0,398.0,3.65
621043,Carlos Correa,hitting,2018,110.0,276.5,2.51
621043,Carlos Correa,hitting,2019,75.0,253.5,3.38
621043,Carlos Correa,hitting,2020,58.0,114.5,1.97
621043,Carlos Correa,hitting,2021,148.0,470.0,3.18
621043,Carlos Correa,hitting,2022,136.0,362.5,2.67
621043,Carlos Correa,hitting,2023,135.0,297.5,2.2
621043,Carlos Correa,hitting,2024,86.0,281.5,3.27
621043,Carlos Correa,hitting,2025,144.0,301.5,2.09
621043,Carlos Correa,hitting,2026,32.0,91.0,2.84
665926,Andres Gimenez,hitting,2020,49.0,95.0,1.94
665926,Andres Gimenez,hitting,2021,68.0,117.0,1.72
665926,Andres Gimenez,hitting,2022,146.0,395.0,2.71
665926,Andres Gimenez,hitting,2023,153.0,400.0,2.61
665926,Andres Gimenez,hitting,2024,152.0,361.5,2.38
665926,Andres Gimenez,hitting,2025,101.0,194.0,1.92
665926,Andres Gimenez,hitting,2026,68.0,123.0,1.81
686613,Hunter Brown,pitching,2022,7.0,71.7,10.24
686613,Hunter Brown,pitching,2023,31.0,243.1,7.84
686613,Hunter Brown,pitching,2024,31.0,354.5,11.44
686613,Hunter Brown,pitching,2025,31.0,504.9,16.29
686613,Hunter Brown,pitching,2026,2.0,41.7,20.85
663728,Cal Raleigh,hitting,2021,47.0,41.0,0.87
663728,Cal Raleigh,hitting,2022,119.0,266.0,2.24
663728,Cal Raleigh,hitting,2023,145.0,357.0,2.46
663728,Cal Raleigh,hitting,2024,153.0,403.0,2.63
663728,Cal Raleigh,hitting,2025,159.0,616.0,3.87
663728,Cal Raleigh,hitting,2026,41.0,73.5,1.79
676979,Garrett Crochet,pitching,2020,5.0,25.0,5.0
676979,Garrett Crochet,pitching,2021,54.0,161.0,2.98
676979,Garrett Crochet,pitching,2023,13.0,9.0,0.69
676979,Garrett Crochet,pitching,2024,32.0,379.2,11.85
676979,Garrett Crochet,pitching,2025,32.0,595.2,18.6
676979,Garrett Crochet,pitching,2026,6.0,36.1,6.02
601713,Nick Pivetta,pitching,2017,26.0,134.1,5.16
601713,Nick Pivetta,pitching,2018,33.0,271.2,8.22
601713,Nick Pivetta,pitching,2019,30.0,97.6,3.25
601713,Nick Pivetta,pitching,2020,5.0,16.7,3.34
601713,Nick Pivetta,pitching,2021,31.0,280.5,9.05
601713,Nick Pivetta,pitching,2022,33.0,272.5,8.26
601713,Nick Pivetta,pitching,2023,38.0,325.6,8.57
601713,Nick Pivetta,pitching,2024,27.0,302.1,11.19
601713,Nick Pivetta,pitching,2025,31.0,472.9,15.25
601713,Nick Pivetta,pitching,2026,4.0,39.4,9.85
553993,Eugenio Suarez,hitting,2014,85.0,132.5,1.56
553993,Eugenio Suarez,hitting,2015,97.0,229.0,2.36
553993,Eugenio Suarez,hitting,2016,159.0,368.5,2.32
553993,Eugenio Suarez,hitting,2017,156.0,421.5,2.7
553993,Eugenio Suarez,hitting,2018,143.0,443.0,3.1
553993,Eugenio Suarez,hitting,2019,159.0,497.5,3.13
553993,Eugenio Suarez,hitting,2020,57.0,157.5,2.76
553993,Eugenio Suarez,hitting,2021,145.0,329.5,2.27
553993,Eugenio Suarez,hitting,2022,150.0,383.0,2.55
553993,Eugenio Suarez,hitting,2023,162.0,369.0,2.28
553993,Eugenio Suarez,hitting,2024,158.0,422.0,2.67
553993,Eugenio Suarez,hitting,2025,159.0,478.0,3.01
553993,Eugenio Suarez,hitting,2026,45.0,82.0,1.82
700932,Kyle Manzardo,hitting,2024,53.0,73.5,1.39
700932,Kyle Manzardo,hitting,2025,142.0,316.5,2.23
700932,Kyle Manzardo,hitting,2026,62.0,106.5,1.72
596019,Francisco Lindor,hitting,2015,99.0,292.5,2.95
596019,Francisco Lindor,hitting,2016,158.0,473.0,2.99
596019,Francisco Lindor,hitting,2017,159.0,550.5,3.46
596019,Francisco Lindor,hitting,2018,158.0,623.5,3.95
596019,Francisco Lindor,hitting,2019,143.0,511.0,3.57
596019,Francisco Lindor,hitting,2020,60.0,164.5,2.74
596019,Francisco Lindor,hitting,2021,125.0,346.0,2.77
596019,Francisco Lindor,hitting,2022,161.0,505.5,3.14
596019,Francisco Lindor,hitting,2023,160.0,548.5,3.43
596019,Francisco Lindor,hitting,2024,152.0,558.5,3.67
596019,Francisco Lindor,hitting,2025,160.0,565.5,3.53
596019,Francisco Lindor,hitting,2026,24.0,55.5,2.31
683146,Brett Baty,hitting,2022,11.0,21.0,1.91
683146,Brett Baty,hitting,2023,108.0,161.5,1.5
683146,Brett Baty,hitting,2024,50.0,74.0,1.48
683146,Brett Baty,hitting,2025,130.0,265.0,2.04
683146,Brett Baty,hitting,2026,68.0,111.5,1.64
571510,Matthew Boyd,pitching,2015,13.0,-0.8,-0.06
571510,Matthew Boyd,pitching,2016,20.0,145.3,7.27
571510,Matthew Boyd,pitching,2017,26.0,122.8,4.72
571510,Matthew Boyd,pitching,2018,31.0,290.9,9.38
571510,Matthew Boyd,pitching,2019,32.0,355.2,11.1
571510,Matthew Boyd,pitching,2020,12.0,40.2,3.35
571510,Matthew Boyd,pitching,2021,15.0,126.2,8.41
571510,Matthew Boyd,pitching,2022,10.0,44.0,4.4
571510,Matthew Boyd,pitching,2023,15.0,101.2,6.75
571510,Matthew Boyd,pitching,2024,8.0,100.8,12.6
571510,Matthew Boyd,pitching,2025,31.0,393.9,12.71
571510,Matthew Boyd,pitching,2026,5.0,38.8,7.76
678662,Ezequiel Tovar,hitting,2022,9.0,12.5,1.39
678662,Ezequiel Tovar,hitting,2023,153.0,342.0,2.24
678662,Ezequiel Tovar,hitting,2024,157.0,386.0,2.46
678662,Ezequiel Tovar,hitting,2025,95.0,199.0,2.09
678662,Ezequiel Tovar,hitting,2026,67.0,110.0,1.64
668678,Zac Gallen,pitching,2019,15.0,191.2,12.75
668678,Zac Gallen,pitching,2020,12.0,178.2,14.85
668678,Zac Gallen,pitching,2021,23.0,214.0,9.3
668678,Zac Gallen,pitching,2022,31.0,497.9,16.06
668678,Zac Gallen,pitching,2023,34.0,480.9,14.14
668678,Zac Gallen,pitching,2024,28.0,322.8,11.53
668678,Zac Gallen,pitching,2025,33.0,292.5,8.86
668678,Zac Gallen,pitching,2026,15.0,55.2,3.68
673237,Yainer Diaz,hitting,2022,6.0,3.0,0.5
673237,Yainer Diaz,hitting,2023,104.0,269.0,2.59
673237,Yainer Diaz,hitting,2024,148.0,366.5,2.48
673237,Yainer Diaz,hitting,2025,143.0,314.5,2.2
673237,Yainer Diaz,hitting,2026,26.0,47.0,1.81
669357,Nolan Gorman,hitting,2022,89.0,176.5,1.98
669357,Nolan Gorman,hitting,2023,119.0,318.0,2.67
669357,Nolan Gorman,hitting,2024,107.0,206.5,1.93
669357,Nolan Gorman,hitting,2025,111.0,203.0,1.83
669357,Nolan Gorman,hitting,2026,62.0,95.0,1.53
671732,Lawrence Butler,hitting,2023,42.0,44.5,1.06
671732,Lawrence Butler,hitting,2024,125.0,331.0,2.65
671732,Lawrence Butler,hitting,2025,152.0,375.5,2.47
671732,Lawrence Butler,hitting,2026,64.0,82.0,1.28
680718,Addison Barger,hitting,2024,69.0,109.0,1.58
680718,Addison Barger,hitting,2025,135.0,321.5,2.38
680718,Addison Barger,hitting,2026,9.0,6.5,0.72
672386,Alejandro Kirk,hitting,2020,9.0,20.0,2.22
672386,Alejandro Kirk,hitting,2021,60.0,119.0,1.98
672386,Alejandro Kirk,hitting,2022,139.0,344.0,2.47
672386,Alejandro Kirk,hitting,2023,123.0,214.5,1.74
672386,Alejandro Kirk,hitting,2024,103.0,199.5,1.94
672386,Alejandro Kirk,hitting,2025,130.0,316.5,2.43
672386,Alejandro Kirk,hitting,2026,7.0,20.5,2.93
669203,Corbin Burnes,pitching,2018,30.0,117.0,3.9
669203,Corbin Burnes,pitching,2019,32.0,9.4,0.29
669203,Corbin Burnes,pitching,2020,12.0,189.1,15.76
669203,Corbin Burnes,pitching,2021,28.0,518.8,18.53
669203,Corbin Burnes,pitching,2022,33.0,535.5,16.23
669203,Corbin Burnes,pitching,2023,32.0,430.2,13.44
669203,Corbin Burnes,pitching,2024,32.0,463.2,14.47
669203,Corbin Burnes,pitching,2025,11.0,147.9,13.45
686752,Ryan Pepiot,pitching,2022,9.0,74.4,8.27
686752,Ryan Pepiot,pitching,2023,8.0,117.1,14.64
686752,Ryan Pepiot,pitching,2024,26.0,286.1,11.0
686752,Ryan Pepiot,pitching,2025,31.0,338.9,10.93
678394,Brayan Bello,pitching,2022,13.0,55.8,4.29
678394,Brayan Bello,pitching,2023,28.0,250.8,8.96
678394,Brayan Bello,pitching,2024,30.0,261.5,8.72
678394,Brayan Bello,pitching,2025,29.0,300.8,10.37
678394,Brayan Bello,pitching,2026,12.0,13.8,1.15
641154,Pablo Lopez,pitching,2018,10.0,84.5,8.45
641154,Pablo Lopez,pitching,2019,21.0,139.4,6.64
641154,Pablo Lopez,pitching,2020,11.0,130.9,11.9
641154,Pablo Lopez,pitching,2021,20.0,243.0,12.15
641154,Pablo Lopez,pitching,2022,32.0,354.2,11.07
641154,Pablo Lopez,pitching,2023,32.0,433.2,13.54
641154,Pablo Lopez,pitching,2024,32.0,376.2,11.76
641154,Pablo Lopez,pitching,2025,14.0,181.9,12.99
593871,Jorge Polanco,hitting,2014,5.0,11.0,2.2
593871,Jorge Polanco,hitting,2015,4.0,8.5,2.12
593871,Jorge Polanco,hitting,2016,69.0,154.0,2.23
593871,Jorge Polanco,hitting,2017,133.0,352.0,2.65
593871,Jorge Polanco,hitting,2018,77.0,207.0,2.69
593871,Jorge Polanco,hitting,2019,153.0,492.0,3.22
593871,Jorge Polanco,hitting,2020,55.0,110.5,2.01
593871,Jorge Polanco,hitting,2021,152.0,494.0,3.25
593871,Jorge Polanco,hitting,2022,104.0,279.5,2.69
593871,Jorge Polanco,hitting,2023,80.0,223.0,2.79
593871,Jorge Polanco,hitting,2024,118.0,207.5,1.76
593871,Jorge Polanco,hitting,2025,138.0,381.0,2.76
593871,Jorge Polanco,hitting,2026,14.0,20.5,1.46
